
INSERT INTO alunos (id, nome, email, senha, data_nascimento, ano_matricula, cpf, idade) VALUES 

(2023689211399, 'Ana Sophia Mendes', 'ana.sophia@gmail.com', 'ana123', '12-10-2011', '2023', '869.714.523-64', 14),
(2016689215308, 'Eloah Moraes', 'eloah.moraes@gmail.com', 'eloah123', '18-04-2013', '2016', '128.436.507-71', 12),
(2016689218195, 'Mirella da Rocha', 'mirella.da@gmail.com', 'mirella123', '03-03-2011', '2016', '671.809.532-02', 14),
(2023689212090, 'Luiza da Cunha', 'luiza.da@gmail.com', 'luiza123', '11-10-2010', '2023', '129.674.038-22', 15),
(2016689214744, 'Pedro Miguel Ramos', 'pedro.miguel@gmail.com', 'pedro123', '13-08-2012', '2016', '025.387.914-05', 13),
(2023689217861, 'Luiz Felipe Peixoto', 'luiz.felipe@gmail.com', 'luiz123', '17-03-2007', '2023', '832.591.470-04', 18),
(2017689219908, 'Ana Luiza Farias', 'ana.luiza@gmail.com', 'ana123', '29-11-2011', '2017', '805.932.417-97', 14),
(2021689217011, 'Nicolas Aragão', 'nicolas.aragão@gmail.com', 'nicolas123', '13-11-2009', '2021', '653.872.019-68', 16),
(2015689216334, 'Isadora Mendes', 'isadora.mendes@gmail.com', 'isadora123', '01-07-2013', '2015', '207.534.169-99', 12),
(2024689218246, 'Luiz Otávio Barbosa', 'luiz.otávio@gmail.com', 'luiz123', '23-02-2006', '2024', '987.620.534-00', 19),
(2025689216783, 'Davi Luiz da Cunha', 'davi.luiz@gmail.com', 'davi123', '09-11-2013', '2025', '310.547.629-61', 12),
(2025689219614, 'Pietra Almeida', 'pietra.almeida@gmail.com', 'pietra123', '13-11-2013', '2025', '703.945.168-93', 12),
(2020689213343, 'Joana Cardoso', 'joana.cardoso@gmail.com', 'joana123', '19-08-2009', '2020', '134.956.827-91', 16),
(2023689212735, 'Matheus Lopes', 'matheus.lopes@gmail.com', 'matheus123', '07-03-2014', '2023', '679.283.540-47', 11),
(2020689219850, 'Maria Dias', 'maria.dias@gmail.com', 'maria123', '17-04-2011', '2020', '867.205.391-59', 14),
(2015689211058, 'Mariane Vieira', 'mariane.vieira@gmail.com', 'mariane123', '25-09-2010', '2015', '815.203.964-06', 15),

(2021689211069, 'Marina Fogaça', 'marina.fogaça@gmail.com', 'marina123', '08-06-2013', '2021', '253.497.801-23', 12),
(2022689216423, 'Ana Clara Rodrigues', 'ana.clara@gmail.com', 'ana123', '17-12-2013', '2022', '287.065.194-58', 12),
(2023689215203, 'Sarah Gomes', 'sarah.gomes@gmail.com', 'sarah123', '14-09-2013', '2023', '951.267.034-80', 12),
(2019689213736, 'João Vitor da Conceição', 'joão.vitor@gmail.com', 'joão123', '02-06-2012', '2019', '952.614.837-19', 13),
(2017689218108, 'Pietro Peixoto', 'pietro.peixoto@gmail.com', 'pietro123', '15-06-2012', '2017', '209.674.381-87', 13),
(2025689219596, 'Joaquim Barbosa', 'joaquim.barbosa@gmail.com', 'joaquim123', '26-04-2012', '2025', '189.045.237-88', 13),
(2025689217538, 'Maria Cecília Lima', 'maria.cecília@gmail.com', 'maria123', '06-06-2014', '2025', '243.689.157-55', 11),
(2016689215008, 'Luiz Miguel Moura', 'luiz.miguel@gmail.com', 'luiz123', '08-12-2011', '2016', '612.508.973-86', 14),
(2021689212762, 'Pietra Silva', 'pietra.silva@gmail.com', 'pietra123', '22-05-2014', '2021', '920.781.635-03', 11),
(2025689217973, 'Gabrielly Nogueira', 'gabrielly.nogueira@gmail.com', 'gabrielly123', '10-10-2010', '2025', '485.291.360-98', 15),
(2020689211141, 'Luana Barbosa', 'luana.barbosa@gmail.com', 'luana123', '11-02-2009', '2020', '485.730.692-10', 16),
(2022689213970, 'Igor Alves', 'igor.alves@gmail.com', 'igor123', '29-01-2010', '2022', '351.807.942-50', 15),
(2022689218045, 'Alana Moreira', 'alana.moreira@gmail.com', 'alana123', '02-09-2013', '2022', '583.024.971-50', 12),
(2021689219148, 'Davi Lucca Caldeira', 'davi.lucca@gmail.com', 'davi123', '24-06-2011', '2021', '893.057.142-50', 14),
(2023689211445, 'Nicolas Jesus', 'nicolas.jesus@gmail.com', 'nicolas123', '24-02-2006', '2023', '506.381.974-57', 19),

(2024689215636, 'João Miguel Moreira', 'joão.miguel@gmail.com', 'joão123', '14-02-2010', '2024', '805.624.937-00', 15),
(2018689213563, 'Maitê da Cunha', 'maitê.da@gmail.com', 'maitê123', '11-09-2011', '2018', '372.046.598-56', 14),
(2017689213884, 'Mariana Fernandes', 'mariana.fernandes@gmail.com', 'mariana123', '01-02-2007', '2017', '963.708.154-20', 18),
(2024689218149, 'Isabelly Dias', 'isabelly.dias@gmail.com', 'isabelly123', '26-01-2010', '2024', '067.958.231-21', 15),
(2018689218980, 'Lorena Gonçalves', 'lorena.gonçalves@gmail.com', 'lorena123', '28-06-2014', '2018', '732.964.810-87', 11),
(2023689214570, 'Augusto Nogueira', 'augusto.nogueira@gmail.com', 'augusto123', '28-02-2012', '2023', '893.270.546-10', 13),
(2017689217702, 'Manuela Cunha', 'manuela.cunha@gmail.com', 'manuela123', '31-12-2012', '2017', '361.492.085-24', 13),
(2015689217071, 'Bryan Costa', 'bryan.costa@gmail.com', 'bryan123', '23-06-2010', '2015', '182.945.760-85', 15),
(2017689216448, 'Bianca Vieira', 'bianca.vieira@gmail.com', 'bianca123', '08-11-2008', '2017', '638.701.529-40', 17),
(2017689216210, 'Levi Porto', 'levi.porto@gmail.com', 'levi123', '21-02-2006', '2017', '374.269.501-07', 19),
(2018689211717, 'Elisa da Luz', 'elisa.da@gmail.com', 'elisa123', '03-08-2006', '2018', '398.062.417-03', 19),
(2021689219956, 'Evelyn Fogaça', 'evelyn.fogaça@gmail.com', 'evelyn123', '02-12-2007', '2021', '872.419.530-88', 18),
(2015689214297, 'Sabrina Moura', 'sabrina.moura@gmail.com', 'sabrina123', '26-12-2006', '2015', '098.624.713-87', 19),
(2017689219461, 'Carolina da Rocha', 'carolina.da@gmail.com', 'carolina123', '21-01-2010', '2017', '491.657.302-16', 15),
(2021689215277, 'Bárbara Rezende', 'bárbara.rezende@gmail.com', 'bárbara123', '23-07-2011', '2021', '618.952.430-33', 14),

(2015689217472, 'Bárbara Silva', 'bárbara.silva@gmail.com', 'bárbara123', '31-08-2012', '2015', '407.329.158-05', 13),
(2023689218108, 'Heitor Rezende', 'heitor.rezende@gmail.com', 'heitor123', '13-12-2007', '2023', '081.745.396-20', 18),
(2023689212424, 'João Lucas das Neves', 'joão.lucas@gmail.com', 'joão123', '29-01-2009', '2023', '374.086.921-69', 16),
(2015689217846, 'Isabelly Martins', 'isabelly.martins@gmail.com', 'isabelly123', '29-06-2006', '2015', '915.437.062-07', 19),
(2017689219878, 'Maria Eduarda Cardoso', 'maria.eduarda@gmail.com', 'maria123', '18-11-2007', '2017', '425.839.016-05', 18),
(2024689215678, 'Ana Clara Silva', 'ana.clara@gmail.com', 'ana123', '24-04-2010', '2024', '581.792.036-03', 15),
(2018689219469, 'Kevin da Conceição', 'kevin.da@gmail.com', 'kevin123', '19-10-2009', '2018', '584.763.190-10', 16),
(2024689214403, 'Maria Lima', 'maria.lima@gmail.com', 'maria123', '15-11-2007', '2024', '024.798.361-69', 18),
(2025689219235, 'Rodrigo Araújo', 'rodrigo.araújo@gmail.com', 'rodrigo123', '12-06-2006', '2025', '057.342.816-62', 19),
(2023689212935, 'Heloísa Ribeiro', 'heloísa.ribeiro@gmail.com', 'heloísa123', '22-07-2013', '2023', '175.023.694-06', 12),
(2025689212050, 'Isabel Aragão', 'isabel.aragão@gmail.com', 'isabel123', '19-08-2006', '2025', '289.703.451-32', 19),
(2022689218037, 'Isabel Monteiro', 'isabel.monteiro@gmail.com', 'isabel123', '08-04-2012', '2022', '507.248.163-80', 13),
(2022689213923, 'Davi Lucas Costela', 'davi.lucas@gmail.com', 'davi123', '02-11-2007', '2022', '847.691.320-69', 18),
(2017689217874, 'Laís Rodrigues', 'laís.rodrigues@gmail.com', 'laís123', '27-03-2010', '2017', '621.394.087-13', 15),
(2017689218327, 'Milena Moraes', 'milena.moraes@gmail.com', 'milena123', '31-01-2010', '2017', '643.085.179-66', 15),

(2025689217568, 'Júlia da Costa', 'júlia.da@gmail.com', 'júlia123', '05-07-2014', '2025', '760.823.194-78', 11),
(2022689212414, 'Maria Luiza Duarte', 'maria.luiza@gmail.com', 'maria123', '05-09-2006', '2022', '759.630.812-03', 19),
(2016689219613, 'Stephany da Paz', 'stephany.da@gmail.com', 'stephany123', '11-03-2009', '2016', '580.726.943-83', 16),
(2023689211770, 'Alana Ramos', 'alana.ramos@gmail.com', 'alana123', '14-05-2010', '2023', '483.195.067-00', 15),
(2016689218168, 'Augusto Barros', 'augusto.barros@gmail.com', 'augusto123', '26-07-2009', '2016', '609.248.537-00', 16),
(2017689215882, 'Nathan Novaes', 'nathan.novaes@gmail.com', 'nathan123', '10-02-2008', '2017', '287.901.563-40', 17),
(2015689215561, 'Júlia da Paz', 'júlia.da@gmail.com', 'júlia123', '23-10-2009', '2015', '940.526.138-05', 16),
(2020689213645, 'Gabriela Fogaça', 'gabriela.fogaça@gmail.com', 'gabriela123', '28-09-2014', '2020', '178.932.540-41', 11),
(2020689214415, 'Breno das Neves', 'breno.das@gmail.com', 'breno123', '16-12-2013', '2020', '925.068.713-30', 12),
(2022689213126, 'Vicente da Cunha', 'vicente.da@gmail.com', 'vicente123', '15-11-2006', '2022', '638.591.027-02', 19),
(2023689214379, 'Theo Rodrigues', 'theo.rodrigues@gmail.com', 'theo123', '17-01-2013', '2023', '210.967.483-04', 12),
(2017689213744, 'Ana Sophia Aragão', 'ana.sophia@gmail.com', 'ana123', '04-04-2014', '2017', '834.709.651-10', 11),
(2016689214724, 'Cauã Lopes', 'cauã.lopes@gmail.com', 'cauã123', '19-11-2008', '2016', '614.750.328-62', 17),
(2023689218428, 'Heloísa Carvalho', 'heloísa.carvalho@gmail.com', 'heloísa123', '30-09-2010', '2023', '702.531.698-95', 15),
(2023689219572, 'Davi Lucas da Costa', 'davi.lucas@gmail.com', 'davi123', '19-08-2009', '2023', '195.023.476-25', 16),
(2015689217638, 'Murilo Azevedo', 'murilo.azevedo@gmail.com', 'murilo123', '01-05-2006', '2015', '754.819.360-20', 19),

(2024689214327, 'Julia Ferreira', 'julia.ferreira@gmail.com', 'julia123', '21-09-2007', '2024', '089.637.415-75', 18),
(2016689212008, 'Fernando Pires', 'fernando.pires@gmail.com', 'fernando123', '02-10-2011', '2016', '105.468.923-70', 14),
(2019689216626, 'Milena da Rosa', 'milena.da@gmail.com', 'milena123', '21-12-2010', '2019', '352.198.760-40', 15),
(2025689215501, 'Antônio Barros', 'antônio.barros@gmail.com', 'antônio123', '25-10-2012', '2025', '413.068.295-42', 13),
(2021689215519, 'Kevin Nunes', 'kevin.nunes@gmail.com', 'kevin123', '27-12-2008', '2021', '716.350.984-75', 17),
(2015689211835, 'Juan Cunha', 'juan.cunha@gmail.com', 'juan123', '26-06-2011', '2015', '367.402.581-71', 14),
(2019689214205, 'Maria Moreira', 'maria.moreira@gmail.com', 'maria123', '05-12-2009', '2019', '267.981.305-77', 16),
(2017689215280, 'Sofia Rodrigues', 'sofia.rodrigues@gmail.com', 'sofia123', '07-01-2014', '2017', '072.345.196-61', 11),
(2020689219029, 'Clarice da Conceição', 'clarice.da@gmail.com', 'clarice123', '17-03-2010', '2020', '845.017.269-11', 15),
(2025689213814, 'Ana Beatriz Carvalho', 'ana.beatriz@gmail.com', 'ana123', '01-08-2010', '2025', '189.620.345-06', 15),
(2022689213992, 'Emanuella Pereira', 'emanuella.pereira@gmail.com', 'emanuella123', '08-02-2007', '2022', '047.916.358-84', 18),
(2018689215860, 'Igor Duarte', 'igor.duarte@gmail.com', 'igor123', '27-03-2012', '2018', '613.702.958-12', 13),
(2015689216257, 'Marina Silveira', 'marina.silveira@gmail.com', 'marina123', '21-08-2014', '2015', '630.594.721-06', 11),
(2010689216742, 'Matheus Soares do Nascimento', 'matheus.soares@gmail.com', '12345678', '02-10-2004', '2010', '192.281.218-21', 20),
(2008689215321, 'Suyane Oliveira da Silva', 'suyane.oliveira@gmail.com', 'abcdefgh', '08-10-2003', '2008', '213.312.653-98', 21),
(2010689215413, 'Taislene da Silva Gonçalves', 'taislene.goncalves@gmail', 'abcdefgh', '03-10-2004', '2010', '812.391.823-32', 20),
(2007689216223, 'Rozane Raquel da Silva Gonçalves', 'raquel.goncalves@gmail.com', 'abcdefgh', '10-06-2002', '2007', '307.823.029.80', 22),
(2010689216534, 'Felipe Ferreira dos Santos', 'felipe.ferreira@gmail.com', '1234', '15-09-2004', '2010', '543.211.092-98', 20),
(2010689218678, 'Ana Lais Macedo Fonte', 'ana.macedo@gmail.com', '1234', '15-12-2004', '2010', '328.734.271-34', 20);

INSERT INTO escolas_alunos (escolas_id, alunos_id) VALUES
(68921, 2023689211399),
(68921, 2016689215308),
(68921, 2016689218195),
(68921, 2023689212090),
(68921, 2016689214744),
(68921, 2023689217861),
(68921, 2017689219908),
(68921, 2021689217011),
(68921, 2015689216334),
(68921, 2024689218246),
(68921, 2025689216783),
(68921, 2025689219614),
(68921, 2020689213343),
(68921, 2023689212735),
(68921, 2015689211058),
(68921, 2020689219850),
(68921, 2021689211069),
(68921, 2022689216423),
(68921, 2023689215203),
(68921, 2019689213736),
(68921, 2017689218108),
(68921, 2025689219596),
(68921, 2025689217538),
(68921, 2016689215008),
(68921, 2021689212762),
(68921, 2025689217973),
(68921, 2020689211141),
(68921, 2022689213970),
(68921, 2021689219148),
(68921, 2023689211445),
(68921, 2024689215636),
(68921, 2018689213563),
(68921, 2017689213884),
(68921, 2024689218149),
(68921, 2018689218980),
(68921, 2023689214570),
(68921, 2017689217702),
(68921, 2015689217071),
(68921, 2017689216448),
(68921, 2017689216210),
(68921, 2015689214297),
(68921, 2017689219461),
(68921, 2021689215277),
(68921, 2015689217472),
(68921, 2023689218108),
(68921, 2023689212424),
(68921, 2015689217846),
(68921, 2017689219878),
(68921, 2024689215678),
(68921, 2018689219469),
(68921, 2024689214403),
(68921, 2023689212935),
(68921, 2025689212050),
(68921, 2022689218037),
(68921, 2022689213923),
(68921, 2017689217874),
(68921, 2017689218327),
(68921, 2025689217568),
(68921, 2022689212414),
(68921, 2016689219613),
(68921, 2023689211770),
(68921, 2016689218168),
(68921, 2017689215882),
(68921, 2015689215561),
(68921, 2020689214415),
(68921, 2022689213126),
(68921, 2023689214379),
(68921, 2017689213744),
(68921, 2016689214724),
(68921, 2023689219572),
(68921, 2015689217638),
(68921, 2024689214327),
(68921, 2016689212008),
(68921, 2019689216626),
(68921, 2025689215501),
(68921, 2021689215519),
(68921, 2015689211835),
(68921, 2017689215280),
(68921, 2020689219029),
(68921, 2025689213814),
(68921, 2022689213992),
(68921, 2018689215860),
(68921, 2015689216257),
(68921, 2010689216742),
(68921, 2008689215321),
(68921, 2010689215413),
(68921, 2007689216223),
(68921, 2010689216534),
(68921, 2010689218678);

-- 1 A
INSERT INTO turmas_alunos (turmas_id, alunos_id) VALUES
(689211426, 2023689211399),
(689211426, 2016689215308),
(689211426, 2016689218195),
(689211426, 2023689212090),
(689211426, 2016689214744),
(689211426, 2023689217861),
(689211426, 2017689219908),
(689211426, 2021689217011),
(689211426, 2015689216334),
(689211426, 2024689218246),
(689211426, 2025689216783),
(689211426, 2025689219614),
(689211426, 2020689213343),
(689211426, 2023689212735),
(689211426, 2020689219850),
(689211426, 2015689211058);

-- 1 B
INSERT INTO turmas_alunos (turmas_id, alunos_id) VALUES
(689211832, 2021689211069),
(689211832, 2022689216423),
(689211832, 2023689215203),
(689211832, 2019689213736),
(689211832, 2017689218108),
(689211832, 2025689219596),
(689211832, 2025689217538),
(689211832, 2016689215008),
(689211832, 2021689212762),
(689211832, 2025689217973),
(689211832, 2020689211141),
(689211832, 2022689213970),
(689211832, 2021689219148),
(689211832, 2023689211445);

-- 2 A
INSERT INTO turmas_alunos (turmas_id, alunos_id) VALUES
(689212786, 2024689215636),
(689212786, 2018689213563),
(689212786, 2017689213884),
(689212786, 2024689218149),
(689212786, 2018689218980),
(689212786, 2023689214570),
(689212786, 2017689217702),
(689212786, 2015689217071),
(689212786, 2017689216448),
(689212786, 2017689216210),
(689212786, 2015689214297),
(689212786, 2017689219461),
(689212786, 2021689215277);


-- 3 A
INSERT INTO turmas_alunos (turmas_id, alunos_id) VALUES
(689213774, 2015689217472),
(689213774, 2023689218108),
(689213774, 2023689212424),
(689213774, 2015689217846),
(689213774, 2017689219878),
(689213774, 2024689215678),
(689213774, 2018689219469),
(689213774, 2024689214403),
(689213774, 2023689212935),
(689213774, 2025689212050),
(689213774, 2022689218037),
(689213774, 2022689213923),
(689213774, 2017689217874),
(689213774, 2017689218327);


-- 4 A
INSERT INTO turmas_alunos (turmas_id, alunos_id) VALUES
(689214349, 2025689217568),
(689214349, 2022689212414),
(689214349, 2016689219613),
(689214349, 2023689211770),
(689214349, 2016689218168),
(689214349, 2017689215882),
(689214349, 2015689215561),
(689214349, 2020689214415),
(689214349, 2022689213126),
(689214349, 2023689214379),
(689214349, 2017689213744),
(689214349, 2016689214724),
(689214349, 2023689219572),
(689214349, 2015689217638);

-- 5 A
INSERT INTO turmas_alunos (turmas_id, alunos_id) VALUES
(689215654, 2024689214327),
(689215654, 2016689212008),
(689215654, 2019689216626),
(689215654, 2025689215501),
(689215654, 2021689215519),
(689215654, 2015689211835),
(689215654, 2017689215280),
(689215654, 2020689219029),
(689215654, 2025689213814),
(689215654, 2022689213992),
(689215654, 2018689215860),
(689215654, 2015689216257),
(689215654, 2010689216742),
(689215654, 2008689215321),
(689215654, 2010689215413),
(689215654, 2007689216223),
(689215654, 2010689216534),
(689215654, 2010689218678);

INSERT INTO dominio_descritores_port (id, aluno_id, descritor_1, descritor_2, descritor_3,  descritor_4, descritor_5, descritor_6, descritor_7, descritor_8, descritor_9, descritor_10, descritor_11, descritor_12, descritor_13, descritor_14, descritor_15, descritor_16, descritor_17, descritor_18, descritor_19, descritor_20, descritor_21, descritor_22, descritor_23, descritor_24, descritor_25, descritor_26, descritor_27, descritor_28, descritor_29, descritor_30, descritor_31, descritor_32, descritor_33, descritor_34, descritor_35, descritor_36, descritor_37, descritor_38, descritor_39, descritor_40, descritor_41, descritor_42, descritor_43, descritor_44, descritor_45) VALUES
(0, 2023689211399, 1, 1, 1, 1, 0, 0, 1, 0, 0, 0, 1, 1, 0, 0, 1, 0, 0, 0, 1, 0, 1, 1, 1, 0, 1, 0, 1, 0, 1, 0, 1, 1, 1, 1, 1, 1, 1, 0, 1, 0, 1, 0, 0, 1, 1),
(1, 2016689215308, 0, 0, 0, 1, 0, 0, 1, 1, 0, 1, 1, 0, 1, 1, 1, 1, 0, 0, 0, 0, 0, 1, 1, 1, 0, 1, 1, 1, 1, 0, 0, 0, 0, 1, 1, 0, 1, 1, 0, 0, 1, 0, 0, 0, 1),
(2, 2016689218195, 1, 1, 0, 0, 0, 0, 0, 1, 1, 0, 0, 0, 1, 1, 1, 0, 0, 0, 0, 0, 1, 1, 0, 0, 1, 1, 1, 1, 0, 1, 0, 1, 1, 0, 1, 0, 1, 1, 1, 1, 0, 1, 0, 0, 0),
(3, 2023689212090, 1, 0, 0, 0, 1, 0, 0, 1, 1, 0, 0, 1, 1, 1, 1, 0, 0, 1, 0, 1, 0, 1, 1, 0, 1, 0, 1, 1, 1, 0, 0, 0, 1, 1, 0, 1, 1, 1, 0, 1, 0, 1, 0, 1, 0),
(4, 2016689214744, 1, 0, 1, 0, 0, 0, 0, 1, 1, 1, 1, 0, 0, 0, 0, 1, 0, 0, 0, 0, 0, 1, 1, 1, 0, 0, 0, 0, 1, 1, 1, 1, 0, 1, 1, 0, 0, 1, 0, 1, 1, 0, 0, 0, 1),
(5, 2023689217861, 0, 1, 1, 0, 0, 0, 0, 0, 1, 0, 1, 1, 1, 1, 0, 0, 1, 1, 0, 0, 1, 0, 1, 0, 0, 1, 1, 0, 1, 0, 0, 0, 1, 0, 1, 0, 1, 1, 0, 0, 1, 0, 1, 1, 1),
(6, 2017689219908, 0, 0, 1, 1, 1, 1, 0, 1, 0, 0, 1, 1, 1, 1, 1, 0, 1, 1, 0, 0, 1, 0, 1, 1, 1, 1, 0, 1, 0, 0, 0, 0, 0, 0, 1, 0, 1, 0, 1, 0, 1, 1, 1, 0, 0),
(7, 2021689217011, 0, 0, 0, 1, 0, 1, 1, 0, 1, 1, 0, 1, 0, 0, 0, 1, 1, 0, 0, 0, 0, 1, 0, 1, 1, 1, 0, 0, 0, 0, 0, 0, 1, 1, 0, 0, 0, 1, 0, 1, 1, 1, 1, 1, 1),
(8, 2015689216334, 1, 0, 1, 1, 0, 0, 1, 0, 0, 1, 1, 1, 1, 1, 1, 0, 0, 0, 0, 1, 1, 1, 1, 0, 1, 1, 0, 1, 0, 0, 1, 0, 1, 0, 1, 1, 1, 1, 1, 1, 0, 1, 1, 1, 1),
(9, 2024689218246, 0, 0, 0, 1, 0, 0, 1, 1, 1, 1, 0, 1, 0, 1, 0, 0, 0, 0, 0, 1, 1, 1, 1, 0, 1, 1, 1, 0, 1, 1, 0, 0, 0, 0, 0, 0, 0, 1, 1, 0, 1, 0, 1, 0, 0),
(10, 2025689216783, 1, 1, 1, 1, 1, 1, 0, 0, 0, 0, 1, 0, 0, 1, 0, 1, 0, 1, 0, 0, 0, 0, 0, 0, 1, 1, 1, 0, 0, 1, 1, 1, 0, 1, 1, 0, 0, 0, 1, 0, 1, 1, 0, 0, 1),
(11, 2025689219614, 0, 1, 0, 0, 0, 0, 0, 1, 0, 0, 0, 0, 0, 0, 1, 0, 1, 1, 1, 0, 1, 0, 1, 0, 0, 1, 0, 1, 1, 0, 0, 0, 1, 0, 1, 0, 1, 1, 1, 1, 0, 0, 0, 0, 0),
(12, 2020689213343, 1, 1, 0, 0, 1, 1, 1, 0, 1, 1, 1, 0, 0, 1, 0, 0, 1, 1, 0, 1, 1, 0, 0, 1, 1, 0, 1, 1, 1, 1, 1, 0, 1, 1, 0, 1, 1, 1, 0, 1, 1, 1, 0, 0, 1),
(13, 2023689212735, 0, 1, 0, 1, 1, 0, 0, 1, 0, 0, 1, 0, 0, 0, 1, 1, 0, 1, 0, 0, 1, 1, 1, 1, 1, 0, 1, 1, 1, 0, 1, 1, 0, 0, 0, 0, 0, 0, 0, 1, 0, 0, 1, 1, 1),
(14, 2015689211058, 0, 1, 0, 1, 0, 1, 0, 1, 0, 1, 0, 0, 1, 0, 0, 1, 0, 0, 0, 0, 1, 0, 1, 0, 1, 1, 1, 0, 1, 0, 1, 1, 1, 0, 1, 0, 1, 0, 0, 0, 0, 0, 1, 1, 0),
(15, 2020689219850, 1, 0, 0, 0, 1, 0, 0, 1, 0, 0, 1, 0, 0, 1, 1, 1, 0, 1, 0, 0, 1, 0, 1, 1, 0, 1, 1, 0, 1, 0, 0, 1, 1, 0, 1, 0, 0, 1, 0, 0, 1, 0, 0, 1, 1),
(16, 2021689211069, 0, 1, 1, 0, 1, 1, 0, 0, 0, 0, 0, 1, 1, 1, 1, 0, 0, 1, 0, 0, 0, 1, 0, 0, 1, 1, 1, 0, 0, 1, 0, 1, 1, 0, 1, 1, 0, 1, 1, 0, 1, 1, 1, 1, 1),
(17, 2022689216423, 1, 1, 0, 0, 0, 0, 1, 1, 0, 0, 1, 0, 0, 1, 0, 1, 1, 1, 1, 0, 0, 0, 1, 1, 1, 0, 1, 1, 0, 1, 0, 0, 0, 0, 0, 0, 1, 0, 0, 0, 0, 0, 0, 1, 0),
(18, 2023689215203, 0, 0, 0, 0, 1, 0, 0, 0, 1, 1, 1, 1, 0, 1, 1, 1, 0, 1, 0, 1, 1, 1, 1, 0, 1, 1, 1, 0, 1, 1, 0, 1, 1, 1, 0, 1, 1, 0, 0, 1, 1, 1, 0, 1, 1),
(19, 2019689213736, 1, 0, 0, 0, 0, 1, 0, 0, 0, 1, 0, 1, 1, 1, 1, 0, 1, 0, 0, 0, 0, 0, 1, 0, 0, 0, 0, 1, 1, 1, 1, 1, 1, 1, 1, 1, 0, 1, 1, 0, 1, 0, 1, 0, 0),
(20, 2017689218108, 1, 0, 0, 0, 1, 0, 1, 0, 1, 1, 0, 0, 1, 0, 0, 1, 0, 0, 0, 1, 1, 1, 0, 0, 1, 0, 1, 1, 1, 0, 0, 1, 1, 1, 1, 0, 1, 0, 0, 1, 0, 0, 0, 1, 1),
(21, 2025689219596, 1, 0, 0, 1, 0, 0, 1, 1, 0, 1, 1, 0, 1, 0, 0, 1, 0, 0, 0, 0, 0, 1, 0, 0, 1, 0, 0, 1, 1, 0, 1, 1, 1, 0, 0, 0, 0, 1, 0, 0, 1, 1, 0, 0, 1),
(22, 2025689217538, 0, 0, 1, 0, 1, 0, 0, 1, 1, 0, 1, 1, 0, 1, 1, 0, 0, 1, 0, 1, 0, 1, 1, 1, 1, 0, 0, 0, 0, 0, 0, 0, 0, 1, 0, 0, 0, 1, 1, 1, 1, 1, 0, 1, 0),
(23, 2016689215008, 1, 1, 1, 0, 0, 1, 0, 0, 1, 1, 0, 0, 0, 1, 0, 0, 0, 0, 0, 0, 0, 0, 0, 1, 1, 0, 1, 1, 1, 0, 1, 0, 0, 0, 1, 1, 0, 0, 1, 1, 1, 1, 0, 1, 0),
(24, 2021689212762, 1, 1, 0, 1, 0, 1, 0, 0, 0, 1, 0, 0, 0, 0, 1, 1, 1, 0, 0, 1, 0, 1, 0, 1, 0, 0, 0, 1, 1, 0, 0, 0, 0, 1, 0, 1, 0, 1, 1, 1, 1, 0, 1, 0, 0),
(25, 2025689217973, 0, 1, 0, 0, 1, 0, 0, 1, 1, 0, 0, 1, 1, 1, 0, 0, 1, 1, 1, 1, 1, 1, 1, 0, 0, 1, 0, 1, 1, 1, 0, 0, 1, 0, 0, 1, 1, 1, 0, 0, 0, 0, 1, 1, 0),
(26, 2020689211141, 1, 0, 0, 0, 1, 0, 0, 0, 0, 0, 0, 0, 1, 0, 1, 1, 0, 1, 0, 0, 1, 1, 1, 0, 1, 0, 0, 0, 1, 0, 1, 0, 1, 0, 0, 0, 1, 0, 0, 1, 0, 1, 0, 0, 0),
(27, 2022689213970, 1, 1, 0, 1, 1, 1, 0, 1, 1, 0, 1, 0, 1, 1, 1, 1, 1, 1, 0, 1, 1, 1, 1, 0, 1, 1, 0, 1, 1, 1, 0, 1, 1, 0, 0, 1, 1, 1, 1, 0, 0, 1, 0, 0, 0),
(28, 2021689219148, 1, 1, 0, 0, 0, 0, 0, 1, 1, 1, 0, 1, 0, 1, 0, 1, 0, 0, 1, 1, 1, 0, 1, 0, 0, 1, 0, 0, 0, 1, 0, 1, 0, 1, 1, 0, 1, 0, 1, 0, 1, 1, 0, 1, 0),
(29, 2023689211445, 0, 1, 1, 0, 1, 1, 1, 0, 1, 1, 0, 0, 0, 1, 0, 1, 0, 0, 0, 1, 0, 1, 0, 0, 0, 0, 1, 1, 1, 0, 0, 0, 1, 1, 1, 1, 1, 1, 1, 0, 1, 1, 0, 1, 0),
(30, 2024689215636, 1, 0, 1, 1, 1, 0, 1, 1, 0, 1, 0, 0, 0, 0, 0, 0, 0, 1, 0, 0, 0, 0, 1, 0, 0, 1, 0, 1, 1, 0, 0, 1, 1, 1, 0, 0, 1, 0, 0, 1, 1, 0, 0, 0, 1),
(31, 2018689213563, 0, 1, 0, 1, 1, 0, 1, 1, 0, 0, 0, 1, 1, 1, 0, 1, 0, 0, 1, 0, 0, 1, 0, 1, 0, 0, 1, 0, 0, 0, 1, 0, 1, 0, 1, 0, 1, 1, 0, 1, 1, 1, 1, 0, 1),
(32, 2017689213884, 1, 1, 0, 0, 1, 1, 0, 0, 1, 0, 1, 0, 0, 0, 1, 1, 0, 0, 0, 0, 1, 1, 1, 1, 1, 0, 1, 1, 0, 1, 0, 0, 0, 0, 1, 1, 1, 1, 0, 1, 1, 0, 0, 1, 0),
(33, 2024689218149, 1, 0, 0, 1, 1, 0, 1, 0, 0, 1, 1, 0, 1, 0, 1, 1, 1, 0, 0, 0, 1, 0, 0, 0, 0, 1, 1, 0, 0, 0, 1, 1, 0, 0, 0, 1, 0, 1, 1, 0, 1, 1, 1, 0, 0),
(34, 2018689218980, 0, 0, 0, 1, 1, 0, 1, 0, 1, 1, 0, 0, 0, 0, 0, 1, 1, 0, 1, 1, 1, 0, 0, 0, 1, 0, 1, 1, 1, 0, 0, 1, 1, 0, 1, 1, 0, 0, 0, 0, 0, 1, 1, 0, 1),
(35, 2023689214570, 0, 0, 1, 0, 1, 0, 1, 0, 0, 1, 0, 0, 1, 0, 0, 1, 1, 0, 1, 1, 0, 1, 0, 0, 1, 0, 0, 0, 1, 1, 0, 1, 1, 1, 1, 1, 0, 1, 0, 0, 1, 1, 0, 0, 0),
(36, 2017689217702, 0, 1, 1, 0, 1, 0, 1, 0, 1, 1, 1, 1, 0, 1, 1, 1, 1, 1, 0, 1, 0, 1, 0, 0, 0, 1, 1, 0, 0, 1, 0, 1, 0, 0, 1, 0, 0, 0, 0, 1, 0, 0, 1, 1, 0),
(37, 2015689217071, 0, 0, 0, 1, 1, 0, 0, 1, 0, 1, 1, 0, 1, 0, 0, 1, 0, 1, 0, 0, 0, 1, 1, 1, 0, 1, 0, 0, 0, 1, 0, 0, 1, 1, 1, 1, 0, 0, 0, 1, 1, 1, 1, 1, 1),
(38, 2017689216448, 0, 1, 1, 1, 0, 1, 0, 0, 1, 0, 0, 0, 0, 1, 1, 1, 1, 0, 0, 1, 1, 0, 0, 1, 1, 0, 1, 0, 0, 0, 0, 1, 1, 0, 1, 1, 0, 1, 0, 1, 1, 1, 0, 1, 0),
(39, 2017689216210, 0, 0, 1, 0, 1, 1, 0, 1, 1, 1, 0, 0, 0, 1, 0, 1, 0, 0, 1, 1, 1, 0, 1, 0, 1, 0, 0, 1, 0, 1, 0, 0, 1, 1, 0, 0, 1, 1, 0, 1, 0, 1, 0, 0, 1),
(40, 2015689214297, 0, 0, 1, 0, 1, 1, 0, 1, 0, 1, 1, 1, 1, 0, 0, 1, 0, 1, 1, 0, 0, 1, 1, 0, 1, 0, 0, 1, 1, 0, 0, 1, 0, 0, 1, 1, 0, 0, 0, 0, 1, 0, 1, 1, 1),
(41, 2017689219461, 1, 1, 1, 1, 1, 1, 0, 0, 1, 1, 1, 0, 1, 0, 0, 0, 0, 1, 0, 1, 0, 0, 1, 1, 0, 1, 0, 0, 0, 1, 0, 1, 1, 0, 1, 1, 1, 0, 1, 0, 1, 0, 0, 1, 0),
(42, 2021689215277, 0, 1, 1, 0, 1, 0, 0, 0, 1, 1, 1, 1, 0, 0, 0, 1, 0, 1, 1, 0, 0, 0, 1, 1, 0, 0, 1, 0, 1, 1, 0, 0, 0, 0, 0, 1, 0, 0, 0, 1, 0, 1, 0, 0, 0),
(43, 2015689217472, 0, 0, 0, 0, 0, 1, 1, 0, 0, 0, 1, 1, 1, 1, 1, 0, 1, 1, 0, 0, 0, 0, 1, 0, 1, 1, 0, 0, 1, 1, 0, 1, 1, 0, 1, 1, 0, 1, 0, 0, 0, 0, 1, 1, 0),
(44, 2023689218108, 0, 1, 1, 1, 1, 1, 0, 0, 1, 0, 0, 0, 1, 1, 1, 1, 0, 0, 0, 0, 0, 1, 1, 1, 1, 1, 1, 0, 1, 1, 0, 1, 1, 0, 1, 0, 0, 0, 0, 0, 1, 1, 1, 1, 1),
(45, 2023689212424, 0, 0, 0, 1, 1, 1, 0, 0, 1, 0, 1, 0, 0, 0, 0, 1, 1, 0, 1, 1, 0, 0, 1, 1, 1, 0, 1, 1, 1, 0, 0, 0, 1, 0, 1, 0, 1, 1, 1, 0, 1, 0, 0, 0, 1),
(46, 2015689217846, 1, 1, 0, 0, 1, 1, 1, 1, 1, 1, 0, 1, 0, 1, 1, 1, 1, 1, 1, 0, 0, 0, 1, 1, 0, 0, 1, 1, 0, 1, 0, 1, 0, 1, 1, 0, 0, 1, 0, 0, 1, 0, 0, 1, 0),
(47, 2017689219878, 1, 1, 1, 0, 1, 1, 1, 1, 0, 0, 1, 1, 1, 1, 0, 0, 0, 1, 1, 1, 0, 0, 0, 1, 1, 0, 1, 1, 0, 0, 1, 1, 0, 0, 1, 0, 1, 1, 0, 1, 0, 1, 0, 1, 0),
(48, 2024689215678, 0, 0, 1, 1, 0, 1, 1, 0, 0, 0, 1, 0, 0, 1, 1, 0, 1, 1, 0, 0, 1, 1, 0, 0, 1, 1, 0, 1, 0, 1, 0, 1, 0, 1, 0, 0, 1, 0, 0, 0, 1, 0, 0, 0, 0),
(49, 2018689219469, 1, 1, 0, 0, 1, 0, 1, 1, 1, 0, 1, 1, 0, 1, 0, 1, 1, 1, 1, 0, 1, 0, 1, 1, 0, 0, 1, 0, 1, 0, 1, 1, 0, 1, 0, 1, 0, 0, 1, 0, 1, 1, 0, 1, 0),
(50, 2024689214403, 0, 1, 0, 0, 1, 0, 0, 1, 0, 0, 0, 0, 0, 0, 1, 1, 0, 1, 1, 0, 0, 0, 0, 0, 1, 0, 0, 0, 1, 1, 1, 0, 1, 0, 1, 0, 1, 1, 0, 0, 0, 1, 1, 1, 0),
(51, 2023689212935, 0, 1, 1, 1, 1, 0, 0, 0, 0, 1, 1, 0, 1, 1, 1, 1, 0, 1, 0, 0, 0, 0, 0, 0, 0, 1, 0, 0, 1, 1, 0, 1, 0, 0, 1, 0, 0, 0, 1, 1, 0, 1, 1, 1, 1),
(52, 2025689212050, 1, 1, 0, 1, 0, 1, 1, 1, 0, 0, 0, 1, 1, 0, 1, 1, 0, 1, 1, 0, 1, 1, 0, 1, 0, 0, 1, 1, 0, 1, 1, 1, 1, 0, 0, 1, 0, 0, 0, 1, 0, 1, 1, 0, 1),
(53, 2022689218037, 0, 1, 0, 1, 1, 1, 0, 1, 1, 1, 1, 1, 0, 0, 0, 0, 0, 0, 1, 1, 1, 1, 1, 1, 1, 1, 0, 1, 1, 0, 0, 0, 0, 1, 1, 1, 1, 1, 0, 0, 0, 0, 1, 0, 1),
(54, 2022689213923, 0, 0, 1, 1, 1, 1, 1, 1, 0, 1, 0, 0, 1, 1, 1, 0, 0, 1, 0, 0, 1, 1, 0, 0, 0, 1, 0, 1, 0, 1, 0, 1, 1, 0, 0, 1, 0, 1, 0, 1, 0, 0, 0, 0, 0),
(55, 2017689217874, 1, 1, 1, 1, 1, 1, 0, 0, 1, 0, 0, 0, 0, 0, 0, 0, 0, 1, 0, 0, 0, 1, 0, 0, 0, 0, 0, 1, 0, 1, 0, 1, 0, 1, 0, 1, 0, 0, 1, 1, 1, 1, 0, 1, 1),
(56, 2017689218327, 1, 0, 0, 1, 1, 1, 1, 1, 1, 0, 1, 0, 1, 0, 0, 0, 0, 0, 1, 1, 1, 0, 1, 1, 0, 0, 0, 1, 1, 0, 0, 1, 0, 1, 0, 0, 0, 1, 0, 0, 0, 1, 0, 1, 1),
(57, 2025689217568, 1, 1, 0, 0, 1, 0, 1, 0, 1, 0, 0, 0, 1, 0, 0, 0, 0, 0, 0, 0, 0, 0, 0, 0, 0, 0, 0, 1, 0, 1, 0, 0, 1, 1, 0, 0, 1, 1, 0, 1, 1, 1, 0, 1, 1),
(58, 2022689212414, 0, 0, 0, 0, 1, 0, 1, 1, 1, 0, 1, 0, 0, 0, 0, 0, 1, 1, 0, 1, 0, 1, 1, 0, 0, 0, 0, 1, 1, 1, 0, 1, 1, 1, 1, 1, 0, 1, 0, 0, 0, 1, 0, 1, 1),
(59, 2016689219613, 1, 1, 0, 0, 0, 1, 1, 0, 0, 0, 0, 1, 1, 0, 0, 1, 1, 0, 1, 0, 0, 1, 1, 1, 0, 1, 0, 0, 0, 1, 0, 1, 0, 0, 1, 0, 0, 1, 0, 1, 0, 0, 0, 1, 0),
(60, 2023689211770, 1, 1, 1, 0, 0, 0, 0, 0, 1, 0, 1, 1, 1, 0, 0, 0, 1, 1, 0, 0, 0, 1, 1, 0, 1, 0, 1, 0, 1, 1, 1, 0, 1, 0, 1, 0, 1, 1, 0, 1, 1, 0, 1, 1, 0),
(61, 2016689218168, 1, 0, 1, 1, 1, 0, 0, 1, 1, 1, 1, 0, 0, 0, 1, 1, 1, 1, 1, 0, 1, 1, 0, 1, 1, 1, 0, 0, 0, 0, 1, 0, 0, 1, 0, 0, 1, 0, 0, 1, 1, 0, 1, 0, 1),
(62, 2017689215882, 1, 1, 0, 0, 0, 0, 1, 1, 0, 1, 1, 1, 1, 1, 1, 0, 1, 0, 1, 0, 0, 1, 0, 0, 0, 0, 1, 0, 0, 1, 0, 0, 1, 1, 1, 1, 1, 0, 0, 0, 0, 0, 1, 0, 1),
(63, 2015689215561, 0, 0, 1, 0, 0, 1, 1, 0, 1, 1, 1, 1, 0, 0, 1, 1, 0, 0, 0, 0, 0, 1, 1, 0, 1, 1, 0, 0, 1, 1, 0, 0, 1, 1, 1, 1, 0, 0, 1, 1, 0, 0, 0, 1, 1),
(64, 2020689214415, 0, 1, 1, 0, 0, 0, 0, 1, 0, 1, 0, 0, 0, 0, 0, 0, 1, 0, 1, 1, 1, 0, 0, 1, 1, 0, 0, 0, 1, 0, 0, 1, 1, 0, 1, 0, 1, 0, 1, 1, 1, 0, 1, 1, 0),
(65, 2022689213126, 0, 0, 0, 0, 0, 1, 0, 0, 0, 1, 1, 1, 1, 0, 1, 0, 1, 1, 0, 0, 1, 1, 0, 0, 0, 1, 0, 0, 1, 0, 0, 1, 0, 1, 1, 1, 0, 1, 1, 1, 0, 1, 0, 1, 1),
(66, 2023689214379, 0, 1, 1, 1, 1, 0, 0, 0, 0, 1, 1, 0, 0, 0, 1, 0, 0, 1, 1, 0, 0, 0, 1, 0, 1, 1, 0, 1, 1, 0, 0, 1, 0, 1, 1, 0, 1, 1, 0, 0, 1, 1, 0, 0, 1),
(67, 2017689213744, 1, 1, 0, 1, 1, 1, 1, 1, 1, 1, 1, 0, 0, 0, 1, 0, 0, 0, 0, 0, 1, 1, 0, 1, 0, 1, 1, 1, 0, 1, 0, 0, 0, 1, 1, 0, 1, 1, 0, 1, 1, 1, 0, 1, 0),
(68, 2016689214724, 0, 0, 0, 1, 0, 0, 1, 1, 1, 1, 0, 1, 0, 1, 1, 0, 0, 1, 1, 1, 1, 0, 1, 1, 1, 0, 1, 1, 1, 0, 0, 0, 1, 1, 0, 1, 0, 0, 0, 0, 1, 1, 1, 0, 0),
(69, 2023689219572, 0, 0, 0, 1, 1, 0, 1, 0, 1, 0, 1, 0, 1, 1, 0, 1, 0, 0, 1, 1, 1, 1, 1, 0, 1, 0, 0, 1, 0, 0, 1, 1, 1, 1, 1, 1, 1, 1, 0, 1, 1, 0, 1, 1, 1),
(70, 2015689217638, 1, 1, 0, 1, 1, 1, 1, 1, 0, 1, 0, 0, 1, 0, 1, 1, 1, 1, 0, 0, 0, 0, 1, 1, 0, 0, 0, 1, 1, 1, 1, 1, 1, 0, 1, 1, 0, 0, 0, 0, 0, 0, 0, 0, 0),
(71, 2024689214327, 0, 0, 1, 1, 1, 0, 1, 1, 0, 0, 0, 0, 1, 1, 1, 0, 0, 0, 1, 0, 1, 1, 1, 1, 0, 1, 0, 1, 1, 1, 1, 0, 1, 1, 0, 1, 1, 1, 0, 0, 0, 1, 0, 0, 1),
(72, 2016689212008, 1, 1, 0, 0, 0, 1, 0, 1, 1, 0, 1, 0, 0, 0, 0, 0, 0, 1, 0, 1, 1, 0, 1, 0, 0, 1, 0, 0, 0, 0, 1, 1, 1, 1, 1, 0, 0, 0, 0, 0, 0, 1, 1, 0, 0),
(73, 2019689216626, 0, 0, 1, 1, 0, 1, 1, 1, 1, 1, 1, 0, 0, 0, 1, 1, 1, 1, 1, 0, 1, 1, 1, 1, 0, 0, 0, 1, 1, 1, 1, 0, 0, 0, 0, 0, 1, 1, 0, 0, 0, 0, 1, 0, 0),
(74, 2025689215501, 0, 1, 0, 0, 0, 1, 1, 1, 0, 0, 0, 0, 0, 1, 0, 0, 1, 0, 0, 1, 1, 1, 1, 0, 1, 1, 1, 0, 1, 1, 0, 1, 0, 1, 0, 0, 1, 0, 0, 0, 0, 0, 1, 1, 1),
(75, 2021689215519, 1, 0, 0, 0, 1, 1, 1, 1, 1, 1, 0, 0, 0, 1, 0, 0, 0, 0, 0, 1, 1, 1, 1, 0, 1, 0, 0, 1, 1, 1, 1, 1, 1, 0, 0, 1, 0, 0, 0, 1, 1, 0, 1, 1, 0),
(76, 2015689211835, 0, 1, 1, 1, 1, 0, 0, 1, 1, 0, 1, 1, 0, 1, 0, 1, 1, 0, 0, 0, 1, 0, 1, 0, 1, 0, 0, 0, 1, 0, 0, 0, 1, 0, 0, 0, 0, 1, 1, 1, 0, 1, 1, 0, 0),
(77, 2017689215280, 1, 1, 1, 0, 0, 1, 0, 1, 1, 0, 1, 1, 1, 0, 1, 0, 0, 1, 0, 0, 0, 1, 0, 0, 1, 1, 1, 0, 0, 1, 0, 0, 0, 1, 0, 1, 0, 0, 1, 0, 1, 0, 1, 0, 1),
(78, 2020689219029, 1, 1, 1, 1, 1, 0, 1, 1, 1, 1, 0, 0, 1, 1, 1, 1, 0, 0, 1, 1, 1, 1, 1, 1, 1, 0, 0, 1, 0, 1, 1, 0, 0, 0, 1, 1, 1, 0, 1, 1, 1, 1, 1, 1, 0),
(79, 2025689213814, 1, 1, 0, 1, 0, 1, 0, 0, 0, 1, 1, 1, 1, 0, 0, 1, 0, 0, 0, 1, 0, 0, 0, 0, 0, 0, 1, 1, 1, 1, 1, 1, 1, 1, 0, 0, 0, 1, 0, 0, 0, 1, 1, 0, 1),
(80, 2022689213992, 0, 1, 0, 1, 1, 0, 0, 0, 1, 1, 1, 1, 1, 0, 0, 0, 1, 0, 1, 0, 0, 0, 1, 1, 0, 1, 1, 0, 0, 1, 0, 1, 0, 1, 0, 1, 0, 1, 0, 0, 0, 0, 0, 1, 1),
(81, 2018689215860, 1, 1, 0, 1, 1, 0, 1, 1, 1, 0, 0, 0, 0, 1, 1, 1, 0, 0, 0, 0, 0, 1, 0, 1, 1, 1, 0, 0, 0, 0, 1, 0, 0, 1, 0, 1, 0, 0, 0, 1, 1, 1, 1, 0, 0),
(82, 2015689216257, 1, 0, 0, 0, 1, 0, 0, 1, 1, 1, 0, 0, 0, 0, 0, 0, 1, 1, 1, 1, 0, 0, 1, 0, 1, 1, 0, 1, 0, 1, 1, 1, 0, 0, 1, 1, 0, 1, 1, 0, 0, 1, 1, 1, 0),
(83, 2010689216742, 1, 1, 0, 0, 0, 1, 0, 0, 0, 1, 0, 0, 1, 1, 1, 0, 0, 1, 1, 1, 0, 0, 0, 0, 1, 1, 0, 1, 0, 0, 1, 1, 0, 1, 0, 0, 1, 0, 0, 1, 0, 0, 1, 0, 0),
(84, 2008689215321, 0, 1, 1, 0, 1, 1, 0, 1, 0, 1, 0, 0, 0, 0, 0, 0, 1, 1, 1, 0, 0, 0, 1, 0, 1, 0, 0, 1, 1, 1, 1, 0, 1, 0, 1, 1, 0, 0, 1, 1, 1, 0, 0, 1, 1),
(85, 2010689215413, 1, 1, 1, 0, 1, 0, 1, 1, 1, 1, 1, 1, 0, 0, 0, 1, 1, 0, 0, 1, 0, 1, 0, 0, 1, 1, 1, 0, 1, 1, 1, 1, 1, 0, 1, 1, 0, 1, 0, 0, 0, 1, 1, 0, 1),
(86, 2007689216223, 0, 1, 1, 1, 1, 0, 0, 1, 0, 1, 0, 0, 0, 0, 1, 0, 1, 1, 0, 1, 1, 0, 1, 1, 0, 0, 0, 1, 1, 1, 1, 0, 1, 0, 0, 0, 1, 1, 1, 0, 0, 0, 0, 1, 1),
(87, 2010689216534, 1, 1, 1, 1, 1, 1, 0, 0, 0, 1, 0, 0, 0, 1, 1, 1, 1, 0, 0, 1, 1, 0, 0, 0, 0, 0, 0, 0, 1, 0, 0, 0, 0, 1, 1, 1, 0, 0, 1, 0, 0, 1, 1, 1, 0),
(88, 2010689218678, 1, 1, 1, 1, 1, 0, 1, 1, 1, 1, 1, 1, 1, 0, 0, 1, 1, 0, 1, 1, 1, 1, 1, 0, 1, 1, 0, 0, 0, 1, 1, 1, 0, 1, 0, 0, 1, 1, 1, 0, 1, 1, 1, 0, 1);

INSERT INTO dominio_descritores_mat (id, aluno_id, descritor_1, descritor_2, descritor_3,  descritor_4, descritor_5, descritor_6, descritor_7, descritor_8, descritor_9, descritor_10, descritor_11, descritor_12, descritor_13, descritor_14, descritor_15, descritor_16, descritor_17, descritor_18, descritor_19, descritor_20, descritor_21, descritor_22, descritor_23, descritor_24, descritor_25, descritor_26, descritor_27, descritor_28, descritor_29, descritor_30, descritor_31, descritor_32, descritor_33, descritor_34, descritor_35, descritor_36, descritor_37, descritor_38, descritor_39, descritor_40, descritor_41, descritor_42, descritor_43, descritor_44, descritor_45) VALUES
(0, 2023689211399 ,1, 1, 1, 1, 1, 0, 0, 0, 1, 0, 1, 0, 0, 0, 0, 1, 0, 0, 1, 1, 1, 1, 0, 0, 0, 0, 1, 0, 0, 0, 1, 0, 1, 1, 0, 0, 0, 0, 0, 1, 1, 0, 0, 0, 0),
(1, 2016689215308 ,0, 1, 0, 1, 0, 0, 0, 1, 0, 0, 1, 1, 1, 0, 1, 0, 1, 1, 1, 0, 1, 0, 0, 0, 0, 0, 0, 0, 1, 1, 1, 0, 0, 0, 1, 0, 0, 0, 0, 0, 1, 1, 1, 0, 0),
(2, 2016689218195 ,0, 1, 1, 1, 0, 1, 1, 1, 1, 1, 1, 1, 0, 1, 0, 0, 1, 1, 1, 0, 1, 0, 1, 1, 1, 0, 1, 0, 0, 0, 0, 1, 1, 0, 1, 0, 1, 0, 0, 0, 1, 1, 1, 1, 1),
(3, 2023689212090 ,0, 0, 0, 1, 0, 1, 0, 0, 0, 0, 0, 1, 0, 0, 0, 1, 1, 0, 1, 0, 1, 1, 1, 1, 0, 0, 1, 1, 1, 0, 0, 0, 0, 1, 1, 1, 0, 0, 1, 0, 1, 1, 0, 0, 1),
(4, 2016689214744 ,0, 0, 1, 1, 0, 1, 0, 0, 0, 0, 1, 0, 1, 0, 0, 0, 1, 0, 0, 0, 1, 1, 0, 1, 0, 0, 1, 1, 1, 1, 0, 0, 0, 1, 1, 1, 1, 0, 0, 1, 0, 1, 1, 1, 0),
(5, 2023689217861 ,1, 1, 1, 1, 0, 0, 1, 0, 1, 0, 0, 1, 1, 0, 1, 1, 0, 1, 1, 1, 1, 1, 1, 0, 0, 0, 0, 1, 0, 1, 1, 0, 0, 1, 0, 0, 1, 0, 1, 0, 0, 1, 0, 1, 1),
(6, 2017689219908 ,1, 0, 1, 1, 1, 1, 0, 1, 0, 0, 1, 1, 0, 1, 0, 1, 1, 1, 1, 0, 1, 1, 1, 0, 0, 0, 1, 0, 0, 0, 1, 1, 1, 0, 1, 1, 1, 0, 1, 0, 0, 1, 1, 1, 0),
(7, 2021689217011 ,1, 1, 1, 1, 0, 0, 1, 1, 0, 1, 0, 0, 1, 0, 1, 0, 1, 0, 0, 1, 1, 1, 1, 0, 1, 0, 1, 0, 1, 0, 1, 0, 0, 1, 1, 0, 0, 0, 0, 1, 1, 0, 1, 1, 0),
(8, 2015689216334 ,1, 0, 0, 1, 0, 1, 0, 0, 1, 1, 1, 1, 1, 0, 0, 0, 0, 1, 1, 0, 0, 0, 0, 1, 0, 1, 0, 1, 0, 0, 1, 1, 1, 1, 0, 0, 1, 0, 0, 1, 0, 1, 1, 0, 0),
(9, 2024689218246 ,1, 1, 1, 0, 1, 1, 1, 1, 1, 0, 0, 1, 0, 0, 1, 1, 1, 1, 0, 0, 0, 0, 0, 0, 0, 1, 0, 0, 1, 1, 0, 1, 1, 1, 1, 0, 1, 1, 1, 0, 1, 1, 1, 0, 1),
(10, 2025689216783, 1, 1, 1, 1, 1, 0, 1, 1, 0, 0, 0, 1, 0, 0, 0, 0, 1, 0, 0, 0, 1, 1, 1, 0, 0, 1, 1, 1, 0, 0, 1, 1, 1, 1, 1, 1, 0, 0, 1, 1, 0, 0, 1, 1, 0),
(11, 2025689219614, 1, 1, 1, 1, 1, 1, 0, 0, 0, 1, 0, 0, 1, 0, 1, 1, 0, 0, 1, 0, 0, 0, 1, 0, 1, 0, 1, 1, 1, 1, 1, 1, 1, 1, 0, 1, 1, 1, 0, 0, 1, 0, 1, 1, 1),
(12, 2020689213343, 1, 0, 1, 1, 1, 0, 0, 1, 0, 0, 0, 1, 1, 0, 1, 1, 0, 1, 1, 0, 0, 1, 1, 1, 0, 1, 0, 1, 1, 0, 0, 1, 0, 1, 1, 0, 0, 1, 1, 0, 0, 1, 0, 0, 0),
(13, 2023689212735, 1, 0, 0, 1, 0, 1, 1, 0, 0, 1, 0, 0, 1, 0, 0, 0, 1, 0, 1, 0, 1, 0, 0, 1, 0, 1, 1, 0, 0, 0, 0, 1, 0, 1, 1, 0, 1, 1, 0, 1, 0, 1, 0, 0, 1),
(14, 2015689211058, 0, 1, 0, 0, 0, 0, 1, 0, 1, 0, 1, 0, 1, 1, 1, 1, 1, 1, 1, 0, 1, 0, 0, 1, 1, 0, 0, 0, 0, 1, 1, 1, 0, 1, 0, 0, 1, 0, 1, 1, 0, 1, 0, 0, 1),
(15, 2020689219850, 0, 1, 0, 0, 1, 0, 0, 1, 1, 0, 1, 1, 1, 1, 1, 1, 1, 0, 0, 1, 1, 1, 0, 1, 0, 0, 1, 0, 0, 0, 0, 0, 0, 1, 0, 0, 0, 1, 1, 1, 0, 1, 1, 1, 0),
(16, 2021689211069, 0, 0, 1, 0, 1, 1, 0, 0, 0, 0, 0, 1, 1, 0, 1, 0, 1, 0, 0, 0, 1, 0, 0, 1, 1, 1, 0, 1, 0, 0, 1, 0, 0, 1, 0, 1, 1, 1, 1, 0, 1, 1, 0, 1, 0),
(17, 2022689216423, 1, 1, 1, 0, 0, 1, 1, 1, 0, 0, 1, 0, 0, 0, 0, 0, 1, 0, 0, 0, 1, 1, 0, 0, 0, 1, 1, 0, 1, 1, 0, 1, 1, 1, 1, 1, 1, 0, 0, 0, 1, 1, 1, 1, 1),
(18, 2023689215203, 1, 1, 0, 1, 0, 0, 0, 1, 1, 1, 1, 1, 0, 0, 0, 1, 0, 1, 0, 1, 0, 0, 1, 0, 1, 1, 1, 1, 0, 0, 1, 0, 1, 0, 1, 1, 1, 1, 0, 1, 0, 0, 0, 1, 1),
(19, 2019689213736, 1, 1, 1, 1, 1, 1, 1, 1, 0, 0, 0, 0, 1, 0, 0, 0, 1, 1, 1, 0, 0, 1, 1, 0, 0, 0, 0, 1, 0, 1, 1, 0, 1, 0, 0, 0, 1, 1, 0, 1, 0, 1, 0, 1, 0),
(20, 2017689218108, 0, 0, 1, 1, 1, 0, 1, 1, 1, 1, 0, 1, 0, 1, 1, 1, 0, 1, 0, 0, 1, 1, 0, 1, 1, 1, 0, 1, 1, 1, 0, 1, 0, 1, 1, 0, 0, 1, 0, 1, 0, 1, 1, 1, 1),
(21, 2025689219596, 0, 0, 0, 0, 0, 0, 0, 1, 0, 0, 1, 0, 1, 0, 1, 0, 0, 0, 1, 0, 1, 1, 0, 1, 0, 0, 0, 0, 1, 0, 1, 1, 1, 1, 0, 0, 0, 0, 0, 0, 1, 1, 0, 1, 0),
(22, 2025689217538, 0, 0, 1, 0, 1, 1, 1, 1, 1, 0, 0, 0, 0, 1, 1, 0, 1, 1, 1, 0, 1, 1, 0, 1, 1, 0, 1, 0, 1, 1, 0, 0, 0, 0, 0, 1, 1, 0, 0, 0, 1, 0, 0, 1, 1),
(23, 2016689215008, 1, 0, 1, 1, 0, 1, 1, 1, 1, 0, 0, 1, 0, 0, 0, 0, 0, 1, 1, 0, 0, 0, 0, 0, 0, 0, 1, 1, 0, 1, 1, 0, 1, 0, 1, 1, 1, 1, 1, 1, 0, 0, 0, 0, 0),
(24, 2021689212762, 0, 1, 0, 0, 0, 0, 0, 0, 1, 0, 1, 1, 0, 1, 1, 0, 1, 1, 0, 0, 0, 1, 0, 1, 1, 0, 1, 1, 1, 0, 1, 0, 0, 1, 1, 0, 1, 1, 0, 1, 1, 1, 1, 1, 0),
(25, 2025689217973, 1, 1, 1, 1, 0, 0, 1, 0, 1, 1, 1, 0, 0, 0, 0, 0, 0, 0, 1, 0, 0, 0, 0, 0, 0, 1, 0, 0, 0, 0, 0, 1, 1, 0, 0, 0, 0, 1, 0, 0, 1, 1, 0, 0, 0),
(26, 2020689211141, 0, 0, 0, 0, 1, 1, 1, 1, 1, 1, 0, 1, 0, 1, 1, 1, 1, 1, 1, 0, 0, 1, 1, 1, 1, 0, 1, 0, 1, 0, 1, 1, 0, 1, 0, 0, 1, 1, 0, 0, 0, 1, 1, 0, 0),
(27, 2022689213970, 0, 1, 0, 1, 0, 1, 0, 0, 1, 0, 1, 0, 1, 0, 1, 0, 0, 1, 1, 0, 1, 0, 1, 1, 1, 1, 0, 1, 1, 0, 1, 0, 0, 1, 0, 1, 1, 1, 1, 1, 1, 0, 0, 1, 1),
(28, 2021689219148, 0, 0, 1, 0, 0, 1, 0, 1, 0, 0, 0, 1, 0, 1, 0, 1, 0, 1, 0, 1, 1, 0, 0, 0, 1, 0, 1, 1, 0, 1, 1, 1, 0, 0, 1, 1, 1, 0, 0, 1, 1, 0, 1, 0, 0),
(29, 2023689211445, 0, 1, 1, 0, 0, 0, 1, 0, 0, 0, 0, 1, 0, 1, 0, 1, 0, 1, 0, 1, 0, 1, 1, 1, 0, 1, 0, 1, 1, 0, 0, 0, 0, 0, 0, 0, 0, 0, 0, 0, 1, 1, 0, 0, 1),
(30, 2024689215636, 0, 0, 0, 1, 1, 0, 1, 1, 0, 1, 0, 0, 1, 0, 0, 1, 1, 1, 1, 0, 0, 1, 1, 0, 0, 0, 1, 1, 1, 0, 0, 1, 0, 0, 0, 1, 0, 1, 0, 1, 0, 0, 0, 0, 1),
(31, 2018689213563, 0, 0, 0, 1, 0, 0, 0, 1, 1, 0, 0, 0, 0, 0, 1, 0, 1, 0, 1, 1, 0, 0, 0, 0, 0, 0, 0, 0, 0, 0, 1, 0, 0, 0, 0, 0, 1, 1, 0, 1, 0, 0, 1, 0, 0),
(32, 2017689213884, 0, 1, 0, 0, 1, 0, 1, 1, 0, 0, 0, 1, 0, 1, 0, 1, 0, 0, 0, 1, 1, 0, 1, 1, 1, 1, 1, 1, 0, 1, 0, 1, 0, 0, 0, 1, 0, 0, 1, 0, 1, 0, 1, 1, 1),
(33, 2024689218149, 0, 1, 1, 0, 0, 0, 1, 0, 1, 1, 1, 0, 0, 0, 0, 0, 1, 1, 1, 1, 0, 1, 1, 1, 0, 0, 0, 0, 1, 1, 1, 1, 1, 1, 0, 1, 1, 0, 0, 1, 0, 0, 0, 1, 0),
(34, 2018689218980, 1, 0, 0, 0, 1, 1, 0, 0, 1, 1, 0, 1, 1, 1, 0, 1, 1, 1, 1, 1, 0, 1, 0, 0, 1, 0, 1, 1, 0, 0, 1, 0, 0, 1, 1, 1, 0, 0, 1, 0, 1, 1, 0, 1, 0),
(35, 2023689214570, 1, 1, 1, 1, 1, 0, 1, 1, 0, 0, 0, 0, 1, 0, 0, 1, 1, 0, 1, 0, 0, 0, 1, 1, 1, 0, 1, 1, 0, 0, 0, 1, 0, 1, 0, 0, 0, 1, 0, 1, 0, 1, 0, 1, 1),
(36, 2017689217702, 1, 1, 1, 1, 1, 0, 0, 1, 0, 1, 1, 0, 0, 1, 0, 0, 0, 0, 1, 1, 1, 0, 1, 0, 1, 1, 1, 1, 1, 0, 0, 1, 0, 0, 1, 1, 0, 0, 0, 0, 0, 0, 0, 1, 0),
(37, 2015689217071, 1, 1, 1, 0, 1, 0, 1, 0, 1, 1, 1, 1, 0, 0, 1, 0, 1, 1, 1, 0, 0, 1, 0, 1, 0, 0, 0, 0, 1, 1, 1, 1, 1, 1, 0, 0, 0, 1, 0, 1, 1, 0, 1, 1, 1),
(38, 2017689216448, 0, 0, 1, 1, 1, 1, 0, 0, 1, 0, 0, 1, 0, 1, 1, 1, 0, 0, 0, 0, 0, 1, 0, 0, 1, 0, 1, 0, 0, 0, 0, 1, 0, 1, 1, 1, 0, 0, 1, 1, 0, 1, 1, 0, 0),
(39, 2017689216210, 0, 1, 0, 0, 0, 1, 0, 1, 1, 0, 1, 0, 0, 1, 0, 1, 0, 1, 1, 0, 1, 1, 0, 0, 0, 1, 0, 1, 0, 1, 1, 1, 0, 1, 1, 0, 1, 1, 1, 1, 0, 0, 0, 1, 1),
(40, 2015689214297, 0, 0, 0, 1, 0, 1, 0, 1, 1, 0, 0, 0, 1, 0, 0, 1, 0, 0, 1, 1, 1, 1, 0, 1, 1, 0, 1, 1, 1, 0, 1, 0, 1, 1, 0, 1, 1, 1, 1, 1, 0, 0, 1, 1, 0),
(41, 2017689219461, 0, 0, 0, 0, 0, 1, 1, 1, 1, 1, 1, 1, 0, 0, 0, 1, 0, 0, 0, 1, 1, 1, 1, 1, 0, 0, 1, 1, 1, 0, 0, 0, 1, 0, 0, 1, 0, 0, 1, 1, 0, 1, 0, 0, 1),
(42, 2021689215277, 1, 0, 1, 1, 1, 0, 1, 0, 0, 1, 1, 1, 1, 0, 1, 1, 0, 0, 1, 0, 1, 1, 0, 1, 1, 1, 1, 0, 0, 1, 0, 1, 0, 0, 0, 0, 1, 0, 0, 0, 0, 0, 1, 1, 1),
(43, 2015689217472, 1, 0, 1, 1, 0, 0, 0, 1, 1, 1, 1, 0, 0, 1, 0, 1, 1, 0, 1, 1, 0, 0, 1, 0, 0, 1, 1, 1, 1, 1, 0, 0, 0, 0, 0, 1, 1, 0, 1, 1, 0, 1, 1, 1, 0),
(44, 2023689218108, 0, 1, 0, 0, 0, 0, 1, 1, 0, 0, 0, 0, 1, 0, 0, 1, 1, 1, 0, 0, 0, 0, 1, 0, 1, 1, 1, 0, 1, 0, 1, 1, 1, 0, 0, 0, 0, 1, 1, 1, 1, 0, 1, 1, 1),
(45, 2023689212424, 0, 0, 0, 0, 1, 1, 1, 0, 0, 0, 0, 0, 1, 1, 0, 1, 1, 1, 0, 0, 1, 1, 1, 1, 1, 0, 0, 0, 0, 0, 0, 0, 0, 1, 0, 1, 1, 0, 1, 0, 1, 1, 1, 0, 1),
(46, 2015689217846, 1, 0, 1, 1, 0, 0, 0, 1, 0, 0, 0, 0, 1, 1, 1, 1, 1, 1, 0, 1, 1, 0, 1, 1, 1, 1, 1, 0, 1, 0, 0, 0, 1, 0, 1, 0, 0, 1, 1, 0, 1, 0, 1, 0, 1),
(47, 2017689219878, 1, 0, 1, 0, 1, 0, 1, 0, 1, 0, 0, 0, 0, 1, 1, 1, 0, 1, 0, 1, 1, 0, 0, 1, 1, 0, 0, 0, 1, 1, 0, 0, 0, 1, 0, 1, 1, 0, 0, 1, 0, 0, 0, 1, 0),
(48, 2024689215678, 1, 1, 1, 0, 0, 1, 1, 1, 1, 0, 0, 0, 1, 0, 0, 1, 1, 1, 1, 0, 1, 1, 1, 0, 0, 0, 0, 0, 1, 1, 1, 0, 1, 0, 1, 0, 0, 1, 0, 1, 1, 1, 0, 1, 0),
(49, 2018689219469, 1, 1, 0, 1, 1, 1, 1, 0, 1, 0, 1, 0, 1, 0, 1, 1, 0, 1, 1, 1, 1, 0, 0, 0, 1, 0, 0, 1, 0, 0, 1, 1, 1, 1, 0, 1, 1, 0, 0, 1, 1, 1, 1, 0, 0),
(50, 2024689214403, 1, 1, 0, 0, 1, 0, 0, 1, 1, 0, 1, 1, 1, 1, 0, 1, 0, 0, 1, 0, 1, 0, 0, 1, 1, 0, 1, 0, 0, 0, 1, 0, 1, 1, 0, 1, 1, 0, 1, 0, 0, 0, 1, 1, 1),
(51, 2023689212935, 1, 0, 1, 0, 0, 1, 1, 1, 0, 0, 0, 0, 0, 1, 0, 1, 1, 0, 0, 0, 1, 0, 1, 0, 0, 0, 1, 1, 1, 1, 1, 1, 0, 0, 0, 1, 1, 1, 1, 0, 0, 0, 1, 0, 1),
(52, 2025689212050, 0, 0, 0, 0, 0, 0, 1, 0, 0, 0, 1, 1, 1, 0, 1, 0, 1, 0, 1, 0, 1, 1, 0, 0, 0, 1, 1, 1, 1, 1, 0, 0, 0, 1, 0, 0, 1, 1, 0, 0, 1, 0, 1, 0, 0),
(53, 2022689218037, 0, 0, 1, 1, 0, 0, 1, 1, 1, 1, 0, 0, 1, 0, 0, 1, 0, 0, 1, 0, 0, 0, 1, 1, 0, 0, 0, 0, 1, 0, 1, 0, 0, 0, 0, 1, 0, 0, 1, 0, 1, 1, 0, 0, 1),
(54, 2022689213923, 0, 1, 0, 0, 0, 1, 0, 1, 1, 1, 1, 1, 1, 0, 0, 1, 1, 0, 0, 1, 1, 1, 0, 0, 1, 0, 1, 0, 0, 0, 1, 1, 1, 0, 0, 1, 0, 0, 0, 1, 1, 1, 1, 1, 1),
(55, 2017689217874, 1, 0, 1, 1, 0, 1, 0, 1, 1, 1, 1, 1, 0, 1, 0, 1, 0, 0, 0, 1, 0, 1, 0, 1, 1, 1, 1, 1, 1, 0, 1, 1, 0, 0, 0, 0, 0, 1, 0, 0, 0, 1, 0, 1, 0),
(56, 2017689218327, 1, 0, 0, 0, 1, 1, 0, 0, 0, 1, 1, 1, 0, 1, 0, 1, 0, 0, 1, 1, 0, 1, 0, 1, 1, 0, 0, 0, 0, 0, 0, 1, 1, 0, 0, 1, 1, 0, 1, 0, 0, 0, 1, 1, 1),
(57, 2025689217568, 1, 1, 0, 1, 1, 0, 1, 1, 1, 1, 1, 1, 1, 0, 1, 1, 0, 0, 1, 0, 0, 1, 1, 0, 0, 1, 1, 0, 0, 0, 1, 0, 1, 1, 1, 0, 1, 1, 1, 1, 0, 1, 1, 1, 1),
(58, 2022689212414, 0, 1, 1, 0, 1, 0, 0, 0, 0, 0, 1, 0, 0, 0, 0, 1, 0, 1, 1, 0, 1, 1, 0, 0, 0, 1, 0, 0, 1, 0, 1, 1, 1, 0, 0, 0, 1, 0, 0, 1, 1, 1, 0, 1, 1),
(59, 2016689219613, 0, 0, 0, 1, 1, 0, 1, 0, 1, 1, 0, 1, 0, 0, 1, 1, 1, 0, 1, 0, 0, 1, 0, 1, 0, 1, 1, 1, 0, 1, 0, 0, 1, 0, 0, 0, 1, 1, 0, 0, 1, 1, 1, 1, 1),
(60, 2023689211770, 0, 0, 1, 1, 1, 0, 1, 1, 0, 0, 1, 0, 0, 1, 0, 0, 1, 1, 1, 1, 0, 0, 1, 1, 0, 0, 1, 1, 1, 0, 0, 1, 1, 1, 0, 1, 1, 0, 1, 1, 1, 1, 1, 0, 1),
(61, 2016689218168, 0, 0, 0, 1, 1, 0, 0, 0, 0, 0, 0, 1, 1, 0, 0, 1, 0, 1, 1, 0, 0, 1, 0, 1, 1, 0, 0, 0, 0, 1, 0, 1, 0, 0, 1, 1, 1, 0, 1, 0, 1, 1, 0, 1, 1),
(62, 2017689215882, 0, 0, 0, 1, 1, 1, 1, 1, 1, 0, 0, 0, 0, 0, 1, 0, 0, 0, 0, 1, 1, 1, 1, 1, 1, 0, 1, 0, 0, 1, 0, 0, 0, 0, 1, 0, 1, 0, 1, 0, 1, 1, 0, 0, 1),
(63, 2015689215561, 0, 0, 1, 1, 1, 0, 1, 1, 0, 1, 1, 1, 1, 0, 0, 1, 0, 0, 0, 1, 1, 1, 0, 1, 0, 1, 0, 0, 1, 1, 0, 0, 0, 0, 1, 1, 0, 1, 1, 0, 0, 0, 1, 0, 0),
(64, 2020689214415, 1, 1, 0, 1, 0, 0, 1, 0, 0, 1, 0, 0, 0, 0, 1, 0, 1, 0, 1, 0, 0, 0, 0, 0, 0, 0, 1, 1, 1, 0, 1, 1, 1, 1, 0, 1, 1, 0, 1, 1, 0, 1, 1, 1, 0),
(65, 2022689213126, 0, 0, 0, 1, 1, 0, 1, 1, 0, 0, 0, 1, 1, 0, 0, 1, 1, 1, 1, 0, 1, 1, 1, 1, 0, 1, 0, 1, 0, 0, 0, 0, 0, 0, 0, 1, 0, 1, 1, 1, 1, 0, 0, 0, 0),
(66, 2023689214379, 0, 0, 0, 0, 1, 1, 1, 0, 1, 1, 0, 0, 1, 0, 1, 0, 0, 0, 1, 0, 0, 1, 1, 0, 0, 0, 1, 0, 0, 0, 0, 0, 1, 0, 1, 0, 1, 0, 0, 0, 0, 0, 1, 0, 1),
(67, 2017689213744, 0, 0, 1, 1, 1, 1, 0, 0, 1, 1, 0, 1, 1, 0, 0, 1, 0, 1, 0, 1, 1, 0, 1, 1, 0, 1, 1, 1, 1, 1, 1, 1, 0, 1, 0, 0, 0, 0, 1, 1, 1, 1, 0, 1, 1),
(68, 2016689214724, 0, 1, 0, 1, 1, 1, 1, 0, 1, 0, 0, 1, 0, 1, 1, 0, 1, 1, 0, 0, 1, 1, 1, 0, 0, 0, 1, 0, 0, 0, 1, 0, 0, 1, 1, 1, 1, 1, 0, 1, 0, 0, 1, 0, 1),
(69, 2023689219572, 1, 0, 1, 1, 0, 1, 0, 1, 0, 0, 0, 1, 1, 0, 1, 1, 1, 0, 1, 1, 1, 0, 1, 1, 1, 1, 0, 0, 0, 1, 0, 0, 1, 0, 1, 0, 1, 1, 1, 1, 1, 0, 0, 1, 0),
(70, 2015689217638, 1, 0, 0, 0, 0, 0, 0, 0, 1, 1, 1, 0, 1, 1, 1, 0, 1, 1, 0, 0, 0, 1, 1, 1, 1, 0, 0, 0, 1, 0, 0, 0, 0, 1, 1, 1, 0, 1, 1, 0, 1, 0, 1, 1, 0),
(71, 2024689214327, 1, 0, 1, 0, 0, 0, 0, 0, 0, 1, 1, 0, 0, 0, 0, 1, 0, 1, 0, 1, 1, 0, 1, 0, 0, 1, 1, 0, 1, 0, 0, 1, 0, 0, 0, 1, 1, 1, 0, 0, 1, 1, 1, 1, 1),
(72, 2016689212008, 0, 1, 1, 1, 0, 0, 0, 1, 1, 1, 1, 1, 0, 1, 0, 1, 0, 1, 1, 1, 0, 0, 1, 1, 1, 0, 1, 1, 1, 1, 1, 0, 0, 1, 1, 1, 0, 1, 1, 1, 0, 0, 1, 0, 0),
(73, 2019689216626, 1, 1, 1, 1, 1, 1, 1, 1, 1, 1, 0, 1, 1, 0, 1, 0, 0, 0, 0, 1, 1, 0, 0, 1, 1, 0, 1, 1, 0, 1, 0, 1, 0, 0, 0, 0, 1, 1, 1, 1, 1, 0, 1, 1, 0),
(74, 2025689215501, 1, 1, 1, 0, 1, 0, 1, 1, 0, 0, 0, 0, 1, 0, 1, 1, 1, 1, 1, 1, 1, 0, 1, 1, 1, 0, 0, 0, 0, 1, 0, 0, 1, 1, 1, 1, 1, 0, 0, 1, 0, 0, 1, 1, 0),
(75, 2021689215519, 1, 0, 0, 0, 0, 1, 1, 0, 0, 0, 0, 0, 1, 1, 0, 0, 1, 1, 0, 1, 1, 1, 1, 0, 1, 1, 1, 1, 0, 0, 0, 0, 0, 0, 0, 0, 1, 1, 1, 0, 0, 1, 1, 0, 0),
(76, 2015689211835, 0, 0, 0, 1, 1, 1, 0, 0, 1, 1, 0, 0, 1, 1, 1, 1, 1, 1, 1, 0, 1, 0, 1, 0, 0, 0, 0, 0, 1, 1, 1, 1, 0, 0, 1, 1, 0, 0, 1, 1, 0, 1, 0, 1, 0),
(77, 2017689215280, 1, 0, 0, 1, 1, 0, 1, 1, 0, 1, 1, 1, 0, 1, 1, 1, 0, 1, 1, 1, 0, 1, 0, 0, 1, 0, 1, 0, 0, 1, 1, 0, 0, 1, 1, 1, 1, 0, 1, 1, 0, 1, 1, 0, 0),
(78, 2020689219029, 0, 0, 0, 1, 0, 1, 1, 0, 0, 0, 0, 0, 1, 1, 1, 1, 1, 1, 1, 0, 1, 1, 1, 1, 0, 0, 0, 0, 1, 1, 0, 0, 0, 1, 1, 1, 1, 0, 0, 1, 0, 0, 0, 1, 1),
(79, 2025689213814, 1, 1, 0, 0, 0, 1, 0, 1, 0, 0, 0, 1, 0, 1, 0, 1, 1, 1, 0, 1, 1, 1, 0, 1, 0, 0, 0, 1, 0, 0, 0, 0, 0, 0, 1, 0, 1, 1, 1, 1, 0, 0, 0, 1, 1),
(80, 2022689213992, 1, 0, 0, 0, 0, 0, 1, 1, 1, 1, 1, 1, 1, 1, 0, 1, 0, 0, 1, 0, 0, 0, 0, 0, 0, 0, 1, 1, 1, 1, 0, 0, 0, 0, 1, 1, 1, 0, 0, 1, 0, 0, 1, 0, 0),
(81, 2018689215860, 0, 0, 1, 0, 0, 1, 0, 0, 1, 1, 0, 1, 1, 1, 1, 0, 0, 0, 0, 0, 0, 0, 0, 1, 0, 0, 0, 1, 0, 0, 0, 1, 0, 0, 1, 0, 0, 0, 1, 0, 0, 0, 0, 1, 1),
(82, 2015689216257, 1, 0, 1, 0, 1, 0, 1, 1, 1, 0, 0, 0, 1, 1, 1, 0, 1, 0, 0, 1, 1, 1, 0, 0, 0, 1, 0, 1, 1, 1, 1, 0, 1, 0, 0, 0, 0, 0, 0, 1, 0, 1, 0, 1, 0),
(83, 2010689216742, 1, 0, 0, 0, 0, 0, 0, 0, 0, 0, 0, 1, 1, 1, 0, 1, 0, 0, 1, 1, 1, 0, 1, 0, 1, 0, 1, 0, 0, 1, 1, 1, 1, 1, 0, 0, 1, 1, 0, 0, 0, 1, 0, 0, 0),
(84, 2008689215321, 1, 0, 0, 1, 1, 0, 1, 0, 0, 0, 0, 0, 0, 0, 0, 0, 0, 0, 1, 0, 0, 1, 0, 0, 0, 0, 1, 0, 0, 1, 1, 1, 1, 0, 1, 1, 1, 1, 0, 0, 0, 1, 0, 1, 0),
(85, 2010689215413, 0, 0, 1, 0, 1, 0, 1, 1, 0, 1, 1, 0, 0, 1, 0, 1, 0, 1, 1, 0, 0, 1, 0, 0, 1, 1, 1, 1, 1, 1, 0, 0, 1, 0, 1, 0, 0, 1, 0, 1, 1, 0, 1, 0, 1),
(86, 2007689216223, 0, 1, 1, 0, 1, 1, 1, 1, 1, 0, 1, 1, 1, 1, 0, 0, 1, 0, 0, 1, 0, 0, 1, 1, 1, 1, 0, 1, 1, 1, 0, 1, 0, 1, 1, 1, 1, 0, 0, 0, 1, 1, 0, 0, 1),
(87, 2010689216534, 1, 1, 0, 1, 1, 1, 0, 1, 0, 1, 0, 1, 1, 0, 1, 1, 1, 0, 0, 0, 0, 0, 1, 0, 0, 1, 0, 1, 1, 0, 1, 1, 0, 0, 0, 1, 1, 0, 0, 0, 1, 1, 1, 1, 1),
(88, 2010689218678, 0, 1, 0, 0, 1, 1, 1, 1, 1, 0, 0, 1, 0, 1, 1, 0, 0, 0, 0, 0, 0, 0, 0, 0, 1, 1, 0, 0, 0, 0, 1, 1, 0, 0, 1, 0, 1, 0, 1, 1, 1, 0, 1, 1, 0);