
INSERT INTO professores (id, nome, email, senha, uf, data_nascimento, cpf, idade) VALUES
(199568921436, 'Ana Silva Souza', 'ana.silva@gmail.com', 'anass123', 'CE', '01-01-1995', '058.942.809-21', 39),
(199868921543, 'Roberto Gonçalves', 'roberto.goncalves@gmail.com', '12345678', 'CE', '20-04-1998', '921.748.910-21', 36),
(199268921821, 'Diego Morais', 'diego.morais@gmail.com', '12345678', 'CE', '07-08-1992', '735.891.318-97', 42),
(199868921312, 'João Sobreira Gonçalves', 'joão.sobreira@gmail.com', '1234', 'CE', '1998-11-07', '162.607.668-13', 27),
(199468921955, 'Pedro João Nascimento Gonçalves', 'pedro.nascimento@gmail.com', '1234', 'CE', '1994-06-12', '875.771.043-95', 31),
(198268921404, 'Ruan Sobreira', 'ruan.sobreira@gmail.com', '1234', 'CE', '1982-03-13', '049.806.111-51', 43),
(199768921702, 'João Correia', 'joão.correia@gmail.com', '1234', 'CE', '1997-12-16', '212.911.156-17', 28),
(198268921325, 'Maria Vitoria Oliveira', 'maria.oliveira@gmail.com', '1234', 'CE', '1982-08-15', '647.891.071-39', 43),
(199668921493, 'Iara Correia', 'iara.correia@gmail.com', '1234', 'CE', '1996-02-24', '726.984.720-05', 29),
(199968921388, 'Rodrigo Oliveira', 'rodrigo.oliveira@gmail.com', '1234', 'CE', '1999-12-02', '090.832.040-27', 26),
(199568921237, 'Pedro Macedo', 'pedro.macedo@gmail.com', '1234', 'CE', '1995-10-31', '358.591.494-48', 30),
(198168921186, 'Lucas Correia', 'lucas.correia@gmail.com', '1234', 'CE', '1981-09-15', '756.941.048-24', 44),
(199268921405, 'Paulo Oliveira de Souza', 'paulo.oliveira@gmail.com', '1234', 'CE', '1992-07-08', '300.106.088-94', 33),
(199268921785, 'Pedro Macedo', 'pedro.macedo@gmail.com', '1234', 'CE', '1992-01-12', '268.312.507-47', 33),
(197768921539, 'Lucas Matheus Gonçalves Correia', 'lucas.gonçalves@gmail.com', '1234', 'CE', '1977-04-16', '091.801.225-81', 48),
(198968921177, 'Cesar Pedro Santos', 'cesar.santos@gmail.com', '1234', 'CE', '1989-04-25', '771.924.237-80', 36);

INSERT INTO escolas_professores (escolas_id, professores_id) VALUES 
(68921, 199568921436),
(68921, 199868921543),
(68921, 199268921821),
(68921, 199868921312),
(68921, 199468921955),
(68921, 198268921404),
(68921, 199768921702),
(68921, 198268921325),
(68921, 199668921493),
(68921, 199968921388),
(68921, 199568921237),
(68921, 198168921186),
(68921, 199268921405),
(68921, 199268921785),
(68921, 197768921539),
(68921, 198968921177);


INSERT INTO professores_turmas_materias (professores_id, turmas_id, materias_id) VALUES 
(199568921436, 689211426, 1),
(199568921436, 689211426, 2),
(199568921436, 689211426, 3),
(199568921436, 689211426, 4),
(199568921436, 689211426, 5),
(199868921543, 689211832, 1),
(199868921543, 689211832, 2),
(199868921543, 689211832, 3),
(199868921543, 689211832, 4),
(199868921543, 689211832, 5),
(199468921955, 689212786, 1),
(199468921955, 689212786, 2),
(199468921955, 689212786, 3),
(199468921955, 689212786, 4),
(199468921955, 689212786, 5),
(199268921405, 689213774, 1),
(199268921405, 689213774, 2),
(199268921405, 689213774, 3),
(199268921405, 689213774, 4),
(199268921405, 689213774, 5),
(198968921177, 689214349, 1),
(198968921177, 689214349, 2),
(198968921177, 689214349, 3),
(198968921177, 689214349, 4),
(198968921177, 689214349, 5),
(198168921186, 689215654, 1),
(198168921186, 689215654, 2),
(198168921186, 689215654, 3),
(198168921186, 689215654, 4),
(198168921186, 689215654, 5);

