INSERT INTO avaliacoes (id, serie, bimestre, professor_id, turma_id, data_aplicacao) VALUES
(11160373, 1, 1, 199568921436, 689211426, '2021-01-06'),
(12142834, 1, 2, 199568921436, 689211426, '2020-03-14'),
(13137625, 1, 3, 199568921436, 689211426, '2020-07-22'),
(14139887, 1, 4, 199568921436, 689211426, '2021-01-23'),
(11180759, 1, 1, 199868921543, 689211832, '2024-07-22'),
(12191165, 1, 2, 199868921543, 689211832, '2020-12-01'),
(13171110, 1, 3, 199868921543, 689211832, '2022-05-20'),
(14189719, 1, 4, 199868921543, 689211832, '2024-12-22'),
(11167682, 1, 1, 199468921955, 689212786, '2019-02-29'),
(12142267, 1, 2, 199468921955, 689212786, '2024-03-13'),
(13121033, 1, 3, 199468921955, 689212786, '2021-04-25'),
(14117930, 1, 4, 199468921955, 689212786, '2019-05-29'),
(21158601, 2, 1, 199468921955, 689212786, '2019-12-09'),
(22185742, 2, 2, 199468921955, 689212786, '2022-05-10'),
(23175191, 2, 3, 199468921955, 689212786, '2021-06-25'),
(24107364, 2, 4, 199468921955, 689212786, '2024-10-26'),
(11191739, 1, 1, 199268921405, 689213774, '2023-11-19'),
(12113918, 1, 2, 199268921405, 689213774, '2019-07-30'),
(13134553, 1, 3, 199268921405, 689213774, '2021-03-24'),
(14173211, 1, 4, 199268921405, 689213774, '2019-05-09'),
(21167041, 2, 1, 199268921405, 689213774, '2024-10-27'),
(22188220, 2, 2, 199268921405, 689213774, '2022-10-02'),
(23199541, 2, 3, 199268921405, 689213774, '2019-02-30'),
(24162605, 2, 4, 199268921405, 689213774, '2021-02-08'),
(31157204, 3, 1, 199268921405, 689213774, '2024-03-06'),
(32133643, 3, 2, 199268921405, 689213774, '2021-09-10'),
(33172355, 3, 3, 199268921405, 689213774, '2024-10-05'),
(34198134, 3, 4, 199268921405, 689213774, '2024-10-02'),
(11240942, 1, 1, 199568921436, 689211426, '2021-01-11'),
(12254561, 1, 2, 199568921436, 689211426, '2022-06-29'),
(13246944, 1, 3, 199568921436, 689211426, '2019-12-18'),
(14214002, 1, 4, 199568921436, 689211426, '2022-07-08'),
(11205702, 1, 1, 199868921543, 689211832, '2022-05-16'),
(12248891, 1, 2, 199868921543, 689211832, '2020-06-08'),
(13212302, 1, 3, 199868921543, 689211832, '2023-07-09'),
(14295184, 1, 4, 199868921543, 689211832, '2021-12-24'),
(11286216, 1, 1, 199468921955, 689212786, '2024-01-23'),
(12230003, 1, 2, 199468921955, 689212786, '2024-01-23'),
(13247379, 1, 3, 199468921955, 689212786, '2020-02-15'),
(14271113, 1, 4, 199468921955, 689212786, '2024-02-22'),
(21255227, 2, 1, 199468921955, 689212786, '2023-07-10'),
(22267153, 2, 2, 199468921955, 689212786, '2021-07-10'),
(23205567, 2, 3, 199468921955, 689212786, '2024-07-31'),
(24254143, 2, 4, 199468921955, 689212786, '2022-03-27'),
(11230727, 1, 1, 199268921405, 689213774, '2022-07-02'),
(12254861, 1, 2, 199268921405, 689213774, '2022-06-14'),
(13207516, 1, 3, 199268921405, 689213774, '2021-09-05'),
(14276061, 1, 4, 199268921405, 689213774, '2021-07-10'),
(21296476, 2, 1, 199268921405, 689213774, '2020-09-17'),
(22210796, 2, 2, 199268921405, 689213774, '2020-03-15'),
(23276478, 2, 3, 199268921405, 689213774, '2021-06-11'),
(24241465, 2, 4, 199268921405, 689213774, '2021-11-24'),
(31260591, 3, 1, 199268921405, 689213774, '2021-05-15'),
(32277636, 3, 2, 199268921405, 689213774, '2021-10-28'),
(33273088, 3, 3, 199268921405, 689213774, '2024-06-24'),
(34280254, 3, 4, 199268921405, 689213774, '2024-05-17'),
(11320448, 1, 1, 199568921436, 689211426, '2024-05-28'),
(12361589, 1, 2, 199568921436, 689211426, '2021-12-07'),
(13399816, 1, 3, 199568921436, 689211426, '2024-10-27'),
(14326993, 1, 4, 199568921436, 689211426, '2022-03-24'),
(11381005, 1, 1, 199868921543, 689211832, '2021-12-06'),
(12393495, 1, 2, 199868921543, 689211832, '2023-01-14'),
(13342080, 1, 3, 199868921543, 689211832, '2024-01-17'),
(14331309, 1, 4, 199868921543, 689211832, '2022-01-14'),
(11313292, 1, 1, 199468921955, 689212786, '2024-03-21'),
(12378748, 1, 2, 199468921955, 689212786, '2019-01-05'),
(13318063, 1, 3, 199468921955, 689212786, '2022-11-29'),
(14362225, 1, 4, 199468921955, 689212786, '2021-11-06'),
(21346482, 2, 1, 199468921955, 689212786, '2021-03-27'),
(22397822, 2, 2, 199468921955, 689212786, '2021-12-09'),
(23352429, 2, 3, 199468921955, 689212786, '2021-09-17'),
(24364190, 2, 4, 199468921955, 689212786, '2023-05-06'),
(11394846, 1, 1, 199268921405, 689213774, '2022-05-16'),
(12302393, 1, 2, 199268921405, 689213774, '2023-01-01'),
(13318691, 1, 3, 199268921405, 689213774, '2021-06-05'),
(14319125, 1, 4, 199268921405, 689213774, '2019-10-08'),
(21322447, 2, 1, 199268921405, 689213774, '2022-03-10'),
(22328216, 2, 2, 199268921405, 689213774, '2019-01-03'),
(23341760, 2, 3, 199268921405, 689213774, '2022-12-31'),
(24360751, 2, 4, 199268921405, 689213774, '2020-08-05'),
(31365384, 3, 1, 199268921405, 689213774, '2023-08-24'),
(32372426, 3, 2, 199268921405, 689213774, '2020-07-25'),
(33343612, 3, 3, 199268921405, 689213774, '2020-11-16'),
(34370036, 3, 4, 199268921405, 689213774, '2024-05-30'),
(11480504, 1, 1, 199568921436, 689211426, '2022-06-05'),
(12410056, 1, 2, 199568921436, 689211426, '2020-04-23'),
(13408679, 1, 3, 199568921436, 689211426, '2024-08-14'),
(14411514, 1, 4, 199568921436, 689211426, '2024-12-29'),
(11452182, 1, 1, 199868921543, 689211832, '2019-07-20'),
(12461173, 1, 2, 199868921543, 689211832, '2024-11-26'),
(13482281, 1, 3, 199868921543, 689211832, '2024-03-26'),
(14468725, 1, 4, 199868921543, 689211832, '2020-06-28'),
(11467047, 1, 1, 199468921955, 689212786, '2022-04-11'),
(12439378, 1, 2, 199468921955, 689212786, '2024-07-31'),
(13437615, 1, 3, 199468921955, 689212786, '2020-05-16'),
(14430969, 1, 4, 199468921955, 689212786, '2023-07-09'),
(21458365, 2, 1, 199468921955, 689212786, '2023-08-01'),
(22425083, 2, 2, 199468921955, 689212786, '2020-02-30'),
(23408135, 2, 3, 199468921955, 689212786, '2024-05-19'),
(24409139, 2, 4, 199468921955, 689212786, '2024-04-14'),
(11493487, 1, 1, 199268921405, 689213774, '2021-03-27'),
(12467511, 1, 2, 199268921405, 689213774, '2022-05-02'),
(13447882, 1, 3, 199268921405, 689213774, '2020-03-08'),
(14414958, 1, 4, 199268921405, 689213774, '2024-10-11'),
(21481336, 2, 1, 199268921405, 689213774, '2022-01-06'),
(22477859, 2, 2, 199268921405, 689213774, '2022-03-09'),
(23497905, 2, 3, 199268921405, 689213774, '2021-01-30'),
(24469170, 2, 4, 199268921405, 689213774, '2023-11-07'),
(31465140, 3, 1, 199268921405, 689213774, '2023-02-08'),
(32488028, 3, 2, 199268921405, 689213774, '2024-07-22'),
(33493566, 3, 3, 199268921405, 689213774, '2020-06-14'),
(34475732, 3, 4, 199268921405, 689213774, '2023-12-19'),
(11503419, 1, 1, 199568921436, 689211426, '2020-06-28'),
(12519942, 1, 2, 199568921436, 689211426, '2021-06-26'),
(13518131, 1, 3, 199568921436, 689211426, '2021-05-25'),
(14535616, 1, 4, 199568921436, 689211426, '2023-05-23'),
(11526666, 1, 1, 199868921543, 689211832, '2024-12-26'),
(12516245, 1, 2, 199868921543, 689211832, '2024-12-03'),
(13531851, 1, 3, 199868921543, 689211832, '2022-03-31'),
(14551998, 1, 4, 199868921543, 689211832, '2022-11-03'),
(11530412, 1, 1, 199468921955, 689212786, '2021-03-30'),
(12511981, 1, 2, 199468921955, 689212786, '2024-10-26'),
(13564129, 1, 3, 199468921955, 689212786, '2022-06-29'),
(14523987, 1, 4, 199468921955, 689212786, '2022-02-04'),
(21563732, 2, 1, 199468921955, 689212786, '2020-01-03'),
(22543908, 2, 2, 199468921955, 689212786, '2021-03-24'),
(23560289, 2, 3, 199468921955, 689212786, '2023-07-29'),
(24587303, 2, 4, 199468921955, 689212786, '2023-02-30'),
(11536778, 1, 1, 199268921405, 689213774, '2024-04-11'),
(12533597, 1, 2, 199268921405, 689213774, '2021-05-30'),
(13598168, 1, 3, 199268921405, 689213774, '2021-04-24'),
(14514291, 1, 4, 199268921405, 689213774, '2023-03-12'),
(21568442, 2, 1, 199268921405, 689213774, '2020-11-23'),
(22538546, 2, 2, 199268921405, 689213774, '2019-09-25'),
(23517806, 2, 3, 199268921405, 689213774, '2024-01-09'),
(24542325, 2, 4, 199268921405, 689213774, '2021-04-10'),
(31596811, 3, 1, 199268921405, 689213774, '2023-12-23'),
(32564469, 3, 2, 199268921405, 689213774, '2019-05-15'),
(33569123, 3, 3, 199268921405, 689213774, '2023-11-25'),
(34527919, 3, 4, 199268921405, 689213774, '2020-04-20');


INSERT INTO materias_avaliacoes (materias_id, avaliacoes_id) VALUES
(1, 11160373),
(1, 12142834),
(1, 13137625),
(1, 14139887),
(1, 11180759),
(1, 12191165),
(1, 13171110),
(1, 14189719),
(1, 11167682),
(1, 12142267),
(1, 13121033),
(1, 14117930),
(1, 21158601),
(1, 22185742),
(1, 23175191),
(1, 24107364),
(1, 11191739),
(1, 12113918),
(1, 13134553),
(1, 14173211),
(1, 21167041),
(1, 22188220),
(1, 23199541),
(1, 24162605),
(1, 31157204),
(1, 32133643),
(1, 33172355),
(1, 34198134),
(2, 11240942),
(2, 12254561),
(2, 13246944),
(2, 14214002),
(2, 11205702),
(2, 12248891),
(2, 13212302),
(2, 14295184),
(2, 11286216),
(2, 12230003),
(2, 13247379),
(2, 14271113),
(2, 21255227),
(2, 22267153),
(2, 23205567),
(2, 24254143),
(2, 11230727),
(2, 12254861),
(2, 13207516),
(2, 14276061),
(2, 21296476),
(2, 22210796),
(2, 23276478),
(2, 24241465),
(2, 31260591),
(2, 32277636),
(2, 33273088),
(2, 34280254),
(3, 11320448),
(3, 12361589),
(3, 13399816),
(3, 14326993),
(3, 11381005),
(3, 12393495),
(3, 13342080),
(3, 14331309),
(3, 11313292),
(3, 12378748),
(3, 13318063),
(3, 14362225),
(3, 21346482),
(3, 22397822),
(3, 23352429),
(3, 24364190),
(3, 11394846),
(3, 12302393),
(3, 13318691),
(3, 14319125),
(3, 21322447),
(3, 22328216),
(3, 23341760),
(3, 24360751),
(3, 31365384),
(3, 32372426),
(3, 33343612),
(3, 34370036),
(4, 11480504),
(4, 12410056),
(4, 13408679),
(4, 14411514),
(4, 11452182),
(4, 12461173),
(4, 13482281),
(4, 14468725),
(4, 11467047),
(4, 12439378),
(4, 13437615),
(4, 14430969),
(4, 21458365),
(4, 22425083),
(4, 23408135),
(4, 24409139),
(4, 11493487),
(4, 12467511),
(4, 13447882),
(4, 14414958),
(4, 21481336),
(4, 22477859),
(4, 23497905),
(4, 24469170),
(4, 31465140),
(4, 32488028),
(4, 33493566),
(4, 34475732),
(5, 11503419),
(5, 12519942),
(5, 13518131),
(5, 14535616),
(5, 11526666),
(5, 12516245),
(5, 13531851),
(5, 14551998),
(5, 11530412),
(5, 12511981),
(5, 13564129),
(5, 14523987),
(5, 21563732),
(5, 22543908),
(5, 23560289),
(5, 24587303),
(5, 11536778),
(5, 12533597),
(5, 13598168),
(5, 14514291),
(5, 21568442),
(5, 22538546),
(5, 23517806),
(5, 24542325),
(5, 31596811),
(5, 32564469),
(5, 33569123),
(5, 34527919);



INSERT INTO notas (aluno_id, avaliacao_id, nota) VALUES
(2015689211058, 11160373, 9.4),
(2015689216334, 11160373, 3.2),
(2016689214744, 11160373, 8.3),
(2016689215308, 11160373, 4.3),
(2016689218195, 11160373, 0.1),
(2017689219908, 11160373, 4.2),
(2020689213343, 11160373, 4.3),
(2020689219850, 11160373, 5.4),
(2021689217011, 11160373, 3.3),
(2023689211399, 11160373, 9.3),
(2023689212090, 11160373, 4.5),
(2023689212735, 11160373, 8.0),
(2023689217861, 11160373, 7.0),
(2024689218246, 11160373, 6.8),
(2025689216783, 11160373, 8.5),
(2025689219614, 11160373, 7.9),
(2015689211058, 12142834, 6.0),
(2015689216334, 12142834, 9.3),
(2016689214744, 12142834, 2.1),
(2016689215308, 12142834, 10.4),
(2016689218195, 12142834, 2.7),
(2017689219908, 12142834, 8.1),
(2020689213343, 12142834, 3.6),
(2020689219850, 12142834, 8.1),
(2021689217011, 12142834, 5.0),
(2023689211399, 12142834, 10.2),
(2023689212090, 12142834, 4.5),
(2023689212735, 12142834, 4.2),
(2023689217861, 12142834, 2.0),
(2024689218246, 12142834, 6.8),
(2025689216783, 12142834, 10.9),
(2025689219614, 12142834, 7.9),
(2015689211058, 13137625, 10.7),
(2015689216334, 13137625, 2.3),
(2016689214744, 13137625, 8.3),
(2016689215308, 13137625, 5.4),
(2016689218195, 13137625, 5.1),
(2017689219908, 13137625, 0.4),
(2020689213343, 13137625, 3.2),
(2020689219850, 13137625, 1.1),
(2021689217011, 13137625, 6.0),
(2023689211399, 13137625, 8.6),
(2023689212090, 13137625, 3.4),
(2023689212735, 13137625, 10.6),
(2023689217861, 13137625, 2.1),
(2024689218246, 13137625, 10.2),
(2025689216783, 13137625, 6.1),
(2025689219614, 13137625, 1.6),
(2015689211058, 14139887, 8.9),
(2015689216334, 14139887, 4.1),
(2016689214744, 14139887, 8.9),
(2016689215308, 14139887, 8.5),
(2016689218195, 14139887, 10.8),
(2017689219908, 14139887, 9.9),
(2020689213343, 14139887, 0.3),
(2020689219850, 14139887, 8.2),
(2021689217011, 14139887, 8.6),
(2023689211399, 14139887, 8.2),
(2023689212090, 14139887, 4.6),
(2023689212735, 14139887, 1.3),
(2023689217861, 14139887, 2.3),
(2024689218246, 14139887, 0.6),
(2025689216783, 14139887, 4.8),
(2025689219614, 14139887, 9.6),
(2015689211058, 11240942, 0.4),
(2015689216334, 11240942, 9.3),
(2016689214744, 11240942, 0.9),
(2016689215308, 11240942, 10.2),
(2016689218195, 11240942, 4.0),
(2017689219908, 11240942, 6.1),
(2020689213343, 11240942, 4.5),
(2020689219850, 11240942, 7.3),
(2021689217011, 11240942, 2.4),
(2023689211399, 11240942, 1.1),
(2023689212090, 11240942, 9.2),
(2023689212735, 11240942, 5.6),
(2023689217861, 11240942, 6.7),
(2024689218246, 11240942, 8.5),
(2025689216783, 11240942, 7.7),
(2025689219614, 11240942, 7.6),
(2015689211058, 12254561, 4.5),
(2015689216334, 12254561, 7.3),
(2016689214744, 12254561, 1.3),
(2016689215308, 12254561, 8.9),
(2016689218195, 12254561, 5.9),
(2017689219908, 12254561, 4.8),
(2020689213343, 12254561, 9.0),
(2020689219850, 12254561, 10.2),
(2021689217011, 12254561, 3.8),
(2023689211399, 12254561, 2.7),
(2023689212090, 12254561, 3.2),
(2023689212735, 12254561, 10.8),
(2023689217861, 12254561, 4.3),
(2024689218246, 12254561, 7.7),
(2025689216783, 12254561, 7.8),
(2025689219614, 12254561, 10.6),
(2015689211058, 13246944, 10.5),
(2015689216334, 13246944, 6.9),
(2016689214744, 13246944, 3.0),
(2016689215308, 13246944, 6.9),
(2016689218195, 13246944, 9.0),
(2017689219908, 13246944, 8.5),
(2020689213343, 13246944, 0.1),
(2020689219850, 13246944, 1.3),
(2021689217011, 13246944, 6.5),
(2023689211399, 13246944, 10.0),
(2023689212090, 13246944, 1.2),
(2023689212735, 13246944, 1.0),
(2023689217861, 13246944, 9.2),
(2024689218246, 13246944, 6.8),
(2025689216783, 13246944, 6.9),
(2025689219614, 13246944, 8.2),
(2015689211058, 14214002, 0.8),
(2015689216334, 14214002, 3.7),
(2016689214744, 14214002, 6.5),
(2016689215308, 14214002, 5.4),
(2016689218195, 14214002, 4.9),
(2017689219908, 14214002, 4.5),
(2020689213343, 14214002, 10.2),
(2020689219850, 14214002, 8.9),
(2021689217011, 14214002, 4.1),
(2023689211399, 14214002, 3.0),
(2023689212090, 14214002, 2.8),
(2023689212735, 14214002, 5.1),
(2023689217861, 14214002, 2.0),
(2024689218246, 14214002, 3.6),
(2025689216783, 14214002, 10.8),
(2025689219614, 14214002, 3.3),
(2015689211058, 11320448, 6.7),
(2015689216334, 11320448, 10.6),
(2016689214744, 11320448, 8.9),
(2016689215308, 11320448, 5.8),
(2016689218195, 11320448, 7.3),
(2017689219908, 11320448, 5.8),
(2020689213343, 11320448, 4.8),
(2020689219850, 11320448, 6.7),
(2021689217011, 11320448, 10.5),
(2023689211399, 11320448, 8.2),
(2023689212090, 11320448, 0.0),
(2023689212735, 11320448, 3.4),
(2023689217861, 11320448, 6.1),
(2024689218246, 11320448, 0.8),
(2025689216783, 11320448, 10.6),
(2025689219614, 11320448, 6.2),
(2015689211058, 12361589, 10.6),
(2015689216334, 12361589, 9.5),
(2016689214744, 12361589, 10.9),
(2016689215308, 12361589, 0.2),
(2016689218195, 12361589, 8.1),
(2017689219908, 12361589, 7.0),
(2020689213343, 12361589, 8.8),
(2020689219850, 12361589, 7.4),
(2021689217011, 12361589, 0.2),
(2023689211399, 12361589, 1.5),
(2023689212090, 12361589, 3.1),
(2023689212735, 12361589, 4.9),
(2023689217861, 12361589, 3.1),
(2024689218246, 12361589, 0.9),
(2025689216783, 12361589, 3.5),
(2025689219614, 12361589, 6.1),
(2015689211058, 13399816, 9.0),
(2015689216334, 13399816, 4.9),
(2016689214744, 13399816, 4.5),
(2016689215308, 13399816, 10.9),
(2016689218195, 13399816, 2.1),
(2017689219908, 13399816, 10.0),
(2020689213343, 13399816, 5.1),
(2020689219850, 13399816, 0.7),
(2021689217011, 13399816, 0.1),
(2023689211399, 13399816, 4.2),
(2023689212090, 13399816, 1.3),
(2023689212735, 13399816, 4.9),
(2023689217861, 13399816, 4.8),
(2024689218246, 13399816, 5.2),
(2025689216783, 13399816, 5.1),
(2025689219614, 13399816, 6.1),
(2015689211058, 14326993, 6.4),
(2015689216334, 14326993, 3.1),
(2016689214744, 14326993, 1.3),
(2016689215308, 14326993, 10.7),
(2016689218195, 14326993, 9.5),
(2017689219908, 14326993, 1.1),
(2020689213343, 14326993, 0.1),
(2020689219850, 14326993, 8.0),
(2021689217011, 14326993, 0.5),
(2023689211399, 14326993, 8.1),
(2023689212090, 14326993, 9.8),
(2023689212735, 14326993, 3.2),
(2023689217861, 14326993, 2.5),
(2024689218246, 14326993, 10.0),
(2025689216783, 14326993, 9.2),
(2025689219614, 14326993, 10.2),
(2015689211058, 11480504, 6.4),
(2015689216334, 11480504, 10.9),
(2016689214744, 11480504, 2.9),
(2016689215308, 11480504, 8.1),
(2016689218195, 11480504, 2.6),
(2017689219908, 11480504, 4.6),
(2020689213343, 11480504, 5.4),
(2020689219850, 11480504, 2.6),
(2021689217011, 11480504, 7.2),
(2023689211399, 11480504, 0.6),
(2023689212090, 11480504, 10.9),
(2023689212735, 11480504, 6.9),
(2023689217861, 11480504, 3.0),
(2024689218246, 11480504, 5.3),
(2025689216783, 11480504, 1.2),
(2025689219614, 11480504, 6.7),
(2015689211058, 12410056, 6.0),
(2015689216334, 12410056, 0.4),
(2016689214744, 12410056, 6.2),
(2016689215308, 12410056, 6.0),
(2016689218195, 12410056, 4.9),
(2017689219908, 12410056, 0.7),
(2020689213343, 12410056, 5.9),
(2020689219850, 12410056, 9.4),
(2021689217011, 12410056, 2.1),
(2023689211399, 12410056, 1.3),
(2023689212090, 12410056, 9.3),
(2023689212735, 12410056, 6.3),
(2023689217861, 12410056, 4.7),
(2024689218246, 12410056, 3.4),
(2025689216783, 12410056, 1.2),
(2025689219614, 12410056, 10.4),
(2015689211058, 13408679, 8.1),
(2015689216334, 13408679, 4.9),
(2016689214744, 13408679, 8.1),
(2016689215308, 13408679, 6.2),
(2016689218195, 13408679, 8.1),
(2017689219908, 13408679, 10.5),
(2020689213343, 13408679, 1.0),
(2020689219850, 13408679, 0.3),
(2021689217011, 13408679, 8.9),
(2023689211399, 13408679, 9.3),
(2023689212090, 13408679, 9.6),
(2023689212735, 13408679, 3.9),
(2023689217861, 13408679, 6.7),
(2024689218246, 13408679, 4.5),
(2025689216783, 13408679, 1.9),
(2025689219614, 13408679, 4.4),
(2015689211058, 14411514, 4.4),
(2015689216334, 14411514, 4.4),
(2016689214744, 14411514, 1.7),
(2016689215308, 14411514, 6.9),
(2016689218195, 14411514, 6.8),
(2017689219908, 14411514, 0.2),
(2020689213343, 14411514, 5.3),
(2020689219850, 14411514, 5.1),
(2021689217011, 14411514, 6.5),
(2023689211399, 14411514, 2.0),
(2023689212090, 14411514, 0.5),
(2023689212735, 14411514, 1.3),
(2023689217861, 14411514, 10.4),
(2024689218246, 14411514, 8.3),
(2025689216783, 14411514, 3.8),
(2025689219614, 14411514, 6.0),
(2015689211058, 11503419, 10.7),
(2015689216334, 11503419, 1.0),
(2016689214744, 11503419, 6.7),
(2016689215308, 11503419, 8.0),
(2016689218195, 11503419, 3.8),
(2017689219908, 11503419, 10.0),
(2020689213343, 11503419, 7.6),
(2020689219850, 11503419, 6.1),
(2021689217011, 11503419, 0.1),
(2023689211399, 11503419, 4.3),
(2023689212090, 11503419, 10.3),
(2023689212735, 11503419, 6.1),
(2023689217861, 11503419, 1.1),
(2024689218246, 11503419, 4.9),
(2025689216783, 11503419, 9.9),
(2025689219614, 11503419, 0.6),
(2015689211058, 12519942, 3.4),
(2015689216334, 12519942, 8.4),
(2016689214744, 12519942, 2.5),
(2016689215308, 12519942, 3.6),
(2016689218195, 12519942, 5.5),
(2017689219908, 12519942, 4.6),
(2020689213343, 12519942, 0.7),
(2020689219850, 12519942, 7.2),
(2021689217011, 12519942, 9.7),
(2023689211399, 12519942, 10.7),
(2023689212090, 12519942, 7.7),
(2023689212735, 12519942, 7.4),
(2023689217861, 12519942, 5.3),
(2024689218246, 12519942, 9.1),
(2025689216783, 12519942, 6.9),
(2025689219614, 12519942, 4.3),
(2015689211058, 13518131, 1.9),
(2015689216334, 13518131, 7.0),
(2016689214744, 13518131, 10.4),
(2016689215308, 13518131, 7.9),
(2016689218195, 13518131, 8.1),
(2017689219908, 13518131, 2.4),
(2020689213343, 13518131, 4.8),
(2020689219850, 13518131, 8.8),
(2021689217011, 13518131, 2.9),
(2023689211399, 13518131, 2.1),
(2023689212090, 13518131, 7.1),
(2023689212735, 13518131, 2.3),
(2023689217861, 13518131, 7.0),
(2024689218246, 13518131, 3.5),
(2025689216783, 13518131, 5.1),
(2025689219614, 13518131, 3.2),
(2015689211058, 14535616, 8.4),
(2015689216334, 14535616, 2.4),
(2016689214744, 14535616, 0.8),
(2016689215308, 14535616, 8.4),
(2016689218195, 14535616, 5.3),
(2017689219908, 14535616, 1.7),
(2020689213343, 14535616, 0.1),
(2020689219850, 14535616, 2.3),
(2021689217011, 14535616, 1.6),
(2023689211399, 14535616, 6.0),
(2023689212090, 14535616, 7.6),
(2023689212735, 14535616, 4.8),
(2023689217861, 14535616, 2.0),
(2024689218246, 14535616, 3.2),
(2025689216783, 14535616, 7.6),
(2025689219614, 14535616, 5.5),
(2016689215008, 11180759, 3.2),
(2017689218108, 11180759, 10.5),
(2019689213736, 11180759, 2.2),
(2020689211141, 11180759, 3.7),
(2021689211069, 11180759, 7.0),
(2021689212762, 11180759, 0.8),
(2021689219148, 11180759, 8.8),
(2022689213970, 11180759, 2.3),
(2022689216423, 11180759, 3.1),
(2023689211445, 11180759, 1.5),
(2023689215203, 11180759, 2.4),
(2025689217538, 11180759, 0.7),
(2025689217973, 11180759, 8.8),
(2025689219596, 11180759, 6.7),
(2016689215008, 12191165, 0.5),
(2017689218108, 12191165, 10.6),
(2019689213736, 12191165, 9.1),
(2020689211141, 12191165, 7.3),
(2021689211069, 12191165, 5.7),
(2021689212762, 12191165, 2.6),
(2021689219148, 12191165, 7.6),
(2022689213970, 12191165, 4.7),
(2022689216423, 12191165, 0.4),
(2023689211445, 12191165, 1.2),
(2023689215203, 12191165, 0.4),
(2025689217538, 12191165, 7.5),
(2025689217973, 12191165, 3.0),
(2025689219596, 12191165, 0.0),
(2016689215008, 13171110, 8.3),
(2017689218108, 13171110, 6.3),
(2019689213736, 13171110, 1.5),
(2020689211141, 13171110, 0.7),
(2021689211069, 13171110, 1.6),
(2021689212762, 13171110, 8.8),
(2021689219148, 13171110, 8.8),
(2022689213970, 13171110, 2.9),
(2022689216423, 13171110, 0.2),
(2023689211445, 13171110, 2.9),
(2023689215203, 13171110, 5.3),
(2025689217538, 13171110, 1.1),
(2025689217973, 13171110, 8.0),
(2025689219596, 13171110, 0.6),
(2016689215008, 14189719, 8.8),
(2017689218108, 14189719, 10.1),
(2019689213736, 14189719, 6.5),
(2020689211141, 14189719, 8.2),
(2021689211069, 14189719, 2.2),
(2021689212762, 14189719, 8.2),
(2021689219148, 14189719, 8.2),
(2022689213970, 14189719, 4.4),
(2022689216423, 14189719, 2.8),
(2023689211445, 14189719, 2.3),
(2023689215203, 14189719, 4.7),
(2025689217538, 14189719, 2.2),
(2025689217973, 14189719, 9.5),
(2025689219596, 14189719, 1.6),
(2016689215008, 11205702, 1.9),
(2017689218108, 11205702, 6.4),
(2019689213736, 11205702, 6.8),
(2020689211141, 11205702, 6.7),
(2021689211069, 11205702, 4.3),
(2021689212762, 11205702, 10.5),
(2021689219148, 11205702, 6.6),
(2022689213970, 11205702, 5.4),
(2022689216423, 11205702, 0.0),
(2023689211445, 11205702, 2.9),
(2023689215203, 11205702, 1.8),
(2025689217538, 11205702, 0.2),
(2025689217973, 11205702, 4.1),
(2025689219596, 11205702, 4.6),
(2016689215008, 12248891, 1.9),
(2017689218108, 12248891, 1.3),
(2019689213736, 12248891, 9.6),
(2020689211141, 12248891, 1.3),
(2021689211069, 12248891, 0.9),
(2021689212762, 12248891, 8.8),
(2021689219148, 12248891, 1.9),
(2022689213970, 12248891, 8.7),
(2022689216423, 12248891, 9.1),
(2023689211445, 12248891, 4.0),
(2023689215203, 12248891, 1.0),
(2025689217538, 12248891, 1.7),
(2025689217973, 12248891, 4.4),
(2025689219596, 12248891, 7.5),
(2016689215008, 13212302, 8.3),
(2017689218108, 13212302, 7.0),
(2019689213736, 13212302, 2.0),
(2020689211141, 13212302, 0.3),
(2021689211069, 13212302, 10.9),
(2021689212762, 13212302, 8.7),
(2021689219148, 13212302, 4.8),
(2022689213970, 13212302, 8.8),
(2022689216423, 13212302, 5.0),
(2023689211445, 13212302, 3.0),
(2023689215203, 13212302, 7.2),
(2025689217538, 13212302, 3.0),
(2025689217973, 13212302, 3.0),
(2025689219596, 13212302, 7.2),
(2016689215008, 14295184, 6.0),
(2017689218108, 14295184, 7.1),
(2019689213736, 14295184, 0.7),
(2020689211141, 14295184, 7.7),
(2021689211069, 14295184, 10.3),
(2021689212762, 14295184, 2.7),
(2021689219148, 14295184, 3.4),
(2022689213970, 14295184, 0.1),
(2022689216423, 14295184, 0.5),
(2023689211445, 14295184, 2.6),
(2023689215203, 14295184, 6.8),
(2025689217538, 14295184, 2.8),
(2025689217973, 14295184, 10.1),
(2025689219596, 14295184, 6.8),
(2016689215008, 11381005, 3.5),
(2017689218108, 11381005, 5.5),
(2019689213736, 11381005, 2.9),
(2020689211141, 11381005, 7.1),
(2021689211069, 11381005, 5.6),
(2021689212762, 11381005, 3.1),
(2021689219148, 11381005, 10.0),
(2022689213970, 11381005, 0.1),
(2022689216423, 11381005, 9.1),
(2023689211445, 11381005, 9.7),
(2023689215203, 11381005, 5.1),
(2025689217538, 11381005, 7.5),
(2025689217973, 11381005, 1.1),
(2025689219596, 11381005, 0.1),
(2016689215008, 12393495, 6.0),
(2017689218108, 12393495, 8.4),
(2019689213736, 12393495, 1.8),
(2020689211141, 12393495, 4.2),
(2021689211069, 12393495, 5.7),
(2021689212762, 12393495, 2.9),
(2021689219148, 12393495, 3.9),
(2022689213970, 12393495, 6.9),
(2022689216423, 12393495, 7.9),
(2023689211445, 12393495, 1.1),
(2023689215203, 12393495, 10.6),
(2025689217538, 12393495, 9.1),
(2025689217973, 12393495, 7.0),
(2025689219596, 12393495, 9.4),
(2016689215008, 13342080, 3.9),
(2017689218108, 13342080, 5.4),
(2019689213736, 13342080, 3.5),
(2020689211141, 13342080, 7.3),
(2021689211069, 13342080, 1.9),
(2021689212762, 13342080, 8.8),
(2021689219148, 13342080, 0.3),
(2022689213970, 13342080, 1.3),
(2022689216423, 13342080, 0.5),
(2023689211445, 13342080, 4.5),
(2023689215203, 13342080, 3.3),
(2025689217538, 13342080, 6.0),
(2025689217973, 13342080, 2.7),
(2025689219596, 13342080, 2.5),
(2016689215008, 14331309, 3.7),
(2017689218108, 14331309, 1.4),
(2019689213736, 14331309, 2.5),
(2020689211141, 14331309, 7.2),
(2021689211069, 14331309, 4.1),
(2021689212762, 14331309, 7.1),
(2021689219148, 14331309, 0.1),
(2022689213970, 14331309, 8.6),
(2022689216423, 14331309, 8.0),
(2023689211445, 14331309, 1.6),
(2023689215203, 14331309, 0.1),
(2025689217538, 14331309, 0.4),
(2025689217973, 14331309, 2.4),
(2025689219596, 14331309, 2.6),
(2016689215008, 11452182, 2.9),
(2017689218108, 11452182, 9.9),
(2019689213736, 11452182, 4.7),
(2020689211141, 11452182, 2.6),
(2021689211069, 11452182, 1.7),
(2021689212762, 11452182, 5.1),
(2021689219148, 11452182, 2.5),
(2022689213970, 11452182, 2.6),
(2022689216423, 11452182, 0.2),
(2023689211445, 11452182, 3.7),
(2023689215203, 11452182, 9.2),
(2025689217538, 11452182, 7.5),
(2025689217973, 11452182, 10.1),
(2025689219596, 11452182, 2.0),
(2016689215008, 12461173, 7.9),
(2017689218108, 12461173, 1.9),
(2019689213736, 12461173, 5.6),
(2020689211141, 12461173, 10.6),
(2021689211069, 12461173, 2.0),
(2021689212762, 12461173, 6.2),
(2021689219148, 12461173, 6.0),
(2022689213970, 12461173, 2.9),
(2022689216423, 12461173, 1.5),
(2023689211445, 12461173, 1.8),
(2023689215203, 12461173, 3.3),
(2025689217538, 12461173, 9.9),
(2025689217973, 12461173, 0.8),
(2025689219596, 12461173, 5.4),
(2016689215008, 13482281, 3.2),
(2017689218108, 13482281, 8.4),
(2019689213736, 13482281, 4.5),
(2020689211141, 13482281, 10.2),
(2021689211069, 13482281, 0.5),
(2021689212762, 13482281, 4.7),
(2021689219148, 13482281, 1.0),
(2022689213970, 13482281, 7.2),
(2022689216423, 13482281, 5.3),
(2023689211445, 13482281, 0.8),
(2023689215203, 13482281, 2.3),
(2025689217538, 13482281, 3.7),
(2025689217973, 13482281, 8.7),
(2025689219596, 13482281, 5.3),
(2016689215008, 14468725, 5.4),
(2017689218108, 14468725, 1.6),
(2019689213736, 14468725, 1.5),
(2020689211141, 14468725, 10.7),
(2021689211069, 14468725, 0.7),
(2021689212762, 14468725, 7.5),
(2021689219148, 14468725, 4.5),
(2022689213970, 14468725, 1.9),
(2022689216423, 14468725, 2.4),
(2023689211445, 14468725, 5.1),
(2023689215203, 14468725, 10.1),
(2025689217538, 14468725, 4.2),
(2025689217973, 14468725, 6.5),
(2025689219596, 14468725, 0.3),
(2016689215008, 11526666, 0.3),
(2017689218108, 11526666, 8.6),
(2019689213736, 11526666, 10.9),
(2020689211141, 11526666, 4.7),
(2021689211069, 11526666, 7.8),
(2021689212762, 11526666, 2.2),
(2021689219148, 11526666, 4.6),
(2022689213970, 11526666, 10.1),
(2022689216423, 11526666, 9.9),
(2023689211445, 11526666, 10.7),
(2023689215203, 11526666, 4.8),
(2025689217538, 11526666, 3.2),
(2025689217973, 11526666, 3.4),
(2025689219596, 11526666, 6.3),
(2016689215008, 12516245, 0.9),
(2017689218108, 12516245, 8.2),
(2019689213736, 12516245, 1.6),
(2020689211141, 12516245, 5.7),
(2021689211069, 12516245, 2.7),
(2021689212762, 12516245, 10.6),
(2021689219148, 12516245, 7.4),
(2022689213970, 12516245, 6.8),
(2022689216423, 12516245, 5.7),
(2023689211445, 12516245, 0.0),
(2023689215203, 12516245, 1.2),
(2025689217538, 12516245, 0.0),
(2025689217973, 12516245, 5.0),
(2025689219596, 12516245, 0.4),
(2016689215008, 13531851, 9.7),
(2017689218108, 13531851, 4.3),
(2019689213736, 13531851, 4.6),
(2020689211141, 13531851, 3.7),
(2021689211069, 13531851, 4.4),
(2021689212762, 13531851, 5.6),
(2021689219148, 13531851, 0.5),
(2022689213970, 13531851, 6.6),
(2022689216423, 13531851, 6.9),
(2023689211445, 13531851, 2.1),
(2023689215203, 13531851, 5.4),
(2025689217538, 13531851, 10.1),
(2025689217973, 13531851, 6.3),
(2025689219596, 13531851, 10.7),
(2016689215008, 14551998, 5.3),
(2017689218108, 14551998, 0.7),
(2019689213736, 14551998, 4.4),
(2020689211141, 14551998, 10.2),
(2021689211069, 14551998, 10.8),
(2021689212762, 14551998, 7.8),
(2021689219148, 14551998, 0.3),
(2022689213970, 14551998, 2.0),
(2022689216423, 14551998, 0.1),
(2023689211445, 14551998, 7.4),
(2023689215203, 14551998, 5.7),
(2025689217538, 14551998, 4.4),
(2025689217973, 14551998, 3.9),
(2025689219596, 14551998, 7.5),
(2015689214297, 11167682, 7.5),
(2015689217071, 11167682, 3.2),
(2017689213884, 11167682, 7.1),
(2017689216210, 11167682, 8.7),
(2017689216448, 11167682, 2.6),
(2017689217702, 11167682, 4.9),
(2017689219461, 11167682, 4.4),
(2018689213563, 11167682, 1.4),
(2018689218980, 11167682, 9.0),
(2021689215277, 11167682, 7.0),
(2023689214570, 11167682, 8.8),
(2024689215636, 11167682, 5.2),
(2024689218149, 11167682, 3.8),
(2015689214297, 12142267, 3.1),
(2015689217071, 12142267, 7.1),
(2017689213884, 12142267, 0.5),
(2017689216210, 12142267, 2.3),
(2017689216448, 12142267, 7.7),
(2017689217702, 12142267, 7.7),
(2017689219461, 12142267, 3.9),
(2018689213563, 12142267, 5.8),
(2018689218980, 12142267, 1.8),
(2021689215277, 12142267, 1.8),
(2023689214570, 12142267, 0.3),
(2024689215636, 12142267, 8.0),
(2024689218149, 12142267, 5.3),
(2015689214297, 13121033, 2.8),
(2015689217071, 13121033, 7.6),
(2017689213884, 13121033, 10.9),
(2017689216210, 13121033, 9.0),
(2017689216448, 13121033, 0.4),
(2017689217702, 13121033, 4.6),
(2017689219461, 13121033, 10.1),
(2018689213563, 13121033, 4.1),
(2018689218980, 13121033, 1.8),
(2021689215277, 13121033, 8.7),
(2023689214570, 13121033, 8.9),
(2024689215636, 13121033, 10.7),
(2024689218149, 13121033, 2.5),
(2015689214297, 14117930, 1.3),
(2015689217071, 14117930, 1.9),
(2017689213884, 14117930, 4.7),
(2017689216210, 14117930, 8.5),
(2017689216448, 14117930, 7.5),
(2017689217702, 14117930, 3.7),
(2017689219461, 14117930, 2.9),
(2018689213563, 14117930, 8.7),
(2018689218980, 14117930, 0.2),
(2021689215277, 14117930, 10.2),
(2023689214570, 14117930, 1.5),
(2024689215636, 14117930, 4.3),
(2024689218149, 14117930, 6.8),
(2015689214297, 11286216, 1.7),
(2015689217071, 11286216, 4.3),
(2017689213884, 11286216, 7.0),
(2017689216210, 11286216, 5.2),
(2017689216448, 11286216, 3.9),
(2017689217702, 11286216, 1.9),
(2017689219461, 11286216, 8.9),
(2018689213563, 11286216, 6.8),
(2018689218980, 11286216, 6.3),
(2021689215277, 11286216, 0.6),
(2023689214570, 11286216, 4.0),
(2024689215636, 11286216, 4.1),
(2024689218149, 11286216, 1.5),
(2015689214297, 12230003, 7.7),
(2015689217071, 12230003, 1.3),
(2017689213884, 12230003, 0.1),
(2017689216210, 12230003, 9.9),
(2017689216448, 12230003, 0.0),
(2017689217702, 12230003, 9.3),
(2017689219461, 12230003, 4.4),
(2018689213563, 12230003, 9.5),
(2018689218980, 12230003, 2.6),
(2021689215277, 12230003, 4.1),
(2023689214570, 12230003, 2.3),
(2024689215636, 12230003, 4.3),
(2024689218149, 12230003, 0.4),
(2015689214297, 13247379, 0.5),
(2015689217071, 13247379, 2.7),
(2017689213884, 13247379, 4.3),
(2017689216210, 13247379, 0.5),
(2017689216448, 13247379, 0.3),
(2017689217702, 13247379, 10.4),
(2017689219461, 13247379, 0.0),
(2018689213563, 13247379, 3.6),
(2018689218980, 13247379, 6.9),
(2021689215277, 13247379, 1.7),
(2023689214570, 13247379, 9.5),
(2024689215636, 13247379, 6.9),
(2024689218149, 13247379, 0.1),
(2015689214297, 14271113, 1.7),
(2015689217071, 14271113, 6.4),
(2017689213884, 14271113, 4.1),
(2017689216210, 14271113, 10.6),
(2017689216448, 14271113, 6.3),
(2017689217702, 14271113, 4.1),
(2017689219461, 14271113, 4.6),
(2018689213563, 14271113, 8.3),
(2018689218980, 14271113, 7.5),
(2021689215277, 14271113, 9.7),
(2023689214570, 14271113, 8.3),
(2024689215636, 14271113, 9.9),
(2024689218149, 14271113, 8.2),
(2015689214297, 11313292, 7.4),
(2015689217071, 11313292, 1.7),
(2017689213884, 11313292, 9.1),
(2017689216210, 11313292, 8.1),
(2017689216448, 11313292, 8.3),
(2017689217702, 11313292, 8.2),
(2017689219461, 11313292, 10.1),
(2018689213563, 11313292, 3.1),
(2018689218980, 11313292, 0.0),
(2021689215277, 11313292, 4.2),
(2023689214570, 11313292, 5.7),
(2024689215636, 11313292, 6.0),
(2024689218149, 11313292, 1.8),
(2015689214297, 12378748, 4.6),
(2015689217071, 12378748, 2.6),
(2017689213884, 12378748, 6.1),
(2017689216210, 12378748, 1.5),
(2017689216448, 12378748, 0.2),
(2017689217702, 12378748, 10.5),
(2017689219461, 12378748, 9.0),
(2018689213563, 12378748, 5.0),
(2018689218980, 12378748, 6.3),
(2021689215277, 12378748, 5.6),
(2023689214570, 12378748, 8.4),
(2024689215636, 12378748, 8.3),
(2024689218149, 12378748, 10.6),
(2015689214297, 13318063, 3.3),
(2015689217071, 13318063, 3.6),
(2017689213884, 13318063, 6.4),
(2017689216210, 13318063, 8.9),
(2017689216448, 13318063, 3.5),
(2017689217702, 13318063, 0.0),
(2017689219461, 13318063, 4.9),
(2018689213563, 13318063, 3.0),
(2018689218980, 13318063, 7.2),
(2021689215277, 13318063, 8.4),
(2023689214570, 13318063, 4.2),
(2024689215636, 13318063, 5.2),
(2024689218149, 13318063, 10.8),
(2015689214297, 14362225, 6.0),
(2015689217071, 14362225, 9.8),
(2017689213884, 14362225, 6.8),
(2017689216210, 14362225, 1.4),
(2017689216448, 14362225, 0.9),
(2017689217702, 14362225, 10.6),
(2017689219461, 14362225, 0.5),
(2018689213563, 14362225, 0.1),
(2018689218980, 14362225, 3.5),
(2021689215277, 14362225, 1.3),
(2023689214570, 14362225, 5.1),
(2024689215636, 14362225, 0.5),
(2024689218149, 14362225, 8.5),
(2015689214297, 11467047, 6.4),
(2015689217071, 11467047, 7.0),
(2017689213884, 11467047, 0.6),
(2017689216210, 11467047, 10.1),
(2017689216448, 11467047, 1.8),
(2017689217702, 11467047, 6.4),
(2017689219461, 11467047, 3.8),
(2018689213563, 11467047, 0.4),
(2018689218980, 11467047, 8.6),
(2021689215277, 11467047, 2.7),
(2023689214570, 11467047, 5.8),
(2024689215636, 11467047, 0.9),
(2024689218149, 11467047, 10.4),
(2015689214297, 12439378, 3.2),
(2015689217071, 12439378, 0.1),
(2017689213884, 12439378, 6.0),
(2017689216210, 12439378, 0.3),
(2017689216448, 12439378, 0.2),
(2017689217702, 12439378, 6.7),
(2017689219461, 12439378, 10.9),
(2018689213563, 12439378, 10.4),
(2018689218980, 12439378, 10.8),
(2021689215277, 12439378, 3.0),
(2023689214570, 12439378, 8.3),
(2024689215636, 12439378, 6.5),
(2024689218149, 12439378, 10.6),
(2015689214297, 13437615, 6.0),
(2015689217071, 13437615, 10.7),
(2017689213884, 13437615, 4.8),
(2017689216210, 13437615, 5.1),
(2017689216448, 13437615, 4.1),
(2017689217702, 13437615, 0.3),
(2017689219461, 13437615, 8.0),
(2018689213563, 13437615, 8.7),
(2018689218980, 13437615, 2.0),
(2021689215277, 13437615, 10.5),
(2023689214570, 13437615, 8.4),
(2024689215636, 13437615, 5.2),
(2024689218149, 13437615, 7.9),
(2015689214297, 14430969, 5.7),
(2015689217071, 14430969, 4.7),
(2017689213884, 14430969, 7.8),
(2017689216210, 14430969, 1.8),
(2017689216448, 14430969, 7.7),
(2017689217702, 14430969, 0.2),
(2017689219461, 14430969, 5.4),
(2018689213563, 14430969, 5.3),
(2018689218980, 14430969, 3.1),
(2021689215277, 14430969, 5.1),
(2023689214570, 14430969, 3.8),
(2024689215636, 14430969, 3.1),
(2024689218149, 14430969, 6.1),
(2015689214297, 11530412, 1.7),
(2015689217071, 11530412, 8.6),
(2017689213884, 11530412, 5.0),
(2017689216210, 11530412, 6.5),
(2017689216448, 11530412, 6.9),
(2017689217702, 11530412, 7.8),
(2017689219461, 11530412, 9.2),
(2018689213563, 11530412, 2.4),
(2018689218980, 11530412, 10.9),
(2021689215277, 11530412, 7.1),
(2023689214570, 11530412, 7.3),
(2024689215636, 11530412, 1.8),
(2024689218149, 11530412, 10.0),
(2015689214297, 12511981, 2.0),
(2015689217071, 12511981, 10.9),
(2017689213884, 12511981, 1.6),
(2017689216210, 12511981, 8.8),
(2017689216448, 12511981, 5.8),
(2017689217702, 12511981, 3.9),
(2017689219461, 12511981, 5.9),
(2018689213563, 12511981, 8.3),
(2018689218980, 12511981, 7.8),
(2021689215277, 12511981, 8.3),
(2023689214570, 12511981, 3.5),
(2024689215636, 12511981, 5.3),
(2024689218149, 12511981, 10.4),
(2015689214297, 13564129, 3.8),
(2015689217071, 13564129, 1.3),
(2017689213884, 13564129, 2.6),
(2017689216210, 13564129, 2.7),
(2017689216448, 13564129, 9.2),
(2017689217702, 13564129, 4.9),
(2017689219461, 13564129, 7.0),
(2018689213563, 13564129, 0.9),
(2018689218980, 13564129, 5.6),
(2021689215277, 13564129, 10.0),
(2023689214570, 13564129, 5.1),
(2024689215636, 13564129, 0.8),
(2024689218149, 13564129, 1.2),
(2015689214297, 14523987, 3.8),
(2015689217071, 14523987, 10.6),
(2017689213884, 14523987, 8.5),
(2017689216210, 14523987, 6.0),
(2017689216448, 14523987, 6.6),
(2017689217702, 14523987, 10.9),
(2017689219461, 14523987, 3.0),
(2018689213563, 14523987, 1.1),
(2018689218980, 14523987, 1.7),
(2021689215277, 14523987, 4.5),
(2023689214570, 14523987, 0.3),
(2024689215636, 14523987, 7.8),
(2024689218149, 14523987, 7.3),
(2015689214297, 21158601, 3.9),
(2015689217071, 21158601, 7.5),
(2017689213884, 21158601, 7.9),
(2017689216210, 21158601, 5.1),
(2017689216448, 21158601, 6.0),
(2017689217702, 21158601, 10.2),
(2017689219461, 21158601, 2.9),
(2018689213563, 21158601, 4.1),
(2018689218980, 21158601, 4.2),
(2021689215277, 21158601, 4.2),
(2023689214570, 21158601, 8.7),
(2024689215636, 21158601, 2.1),
(2024689218149, 21158601, 7.8),
(2015689214297, 22185742, 2.2),
(2015689217071, 22185742, 2.5),
(2017689213884, 22185742, 1.4),
(2017689216210, 22185742, 1.6),
(2017689216448, 22185742, 3.4),
(2017689217702, 22185742, 8.5),
(2017689219461, 22185742, 2.2),
(2018689213563, 22185742, 3.3),
(2018689218980, 22185742, 10.2),
(2021689215277, 22185742, 3.6),
(2023689214570, 22185742, 0.4),
(2024689215636, 22185742, 4.7),
(2024689218149, 22185742, 3.5),
(2015689214297, 23175191, 9.6),
(2015689217071, 23175191, 2.1),
(2017689213884, 23175191, 0.3),
(2017689216210, 23175191, 7.3),
(2017689216448, 23175191, 7.7),
(2017689217702, 23175191, 4.6),
(2017689219461, 23175191, 9.3),
(2018689213563, 23175191, 7.9),
(2018689218980, 23175191, 2.1),
(2021689215277, 23175191, 9.5),
(2023689214570, 23175191, 4.0),
(2024689215636, 23175191, 0.7),
(2024689218149, 23175191, 10.1),
(2015689214297, 24107364, 2.7),
(2015689217071, 24107364, 1.5),
(2017689213884, 24107364, 4.4),
(2017689216210, 24107364, 2.8),
(2017689216448, 24107364, 7.7),
(2017689217702, 24107364, 10.6),
(2017689219461, 24107364, 0.5),
(2018689213563, 24107364, 9.4),
(2018689218980, 24107364, 5.8),
(2021689215277, 24107364, 8.4),
(2023689214570, 24107364, 4.8),
(2024689215636, 24107364, 6.5),
(2024689218149, 24107364, 6.8),
(2015689214297, 21255227, 8.1),
(2015689217071, 21255227, 1.7),
(2017689213884, 21255227, 2.3),
(2017689216210, 21255227, 8.5),
(2017689216448, 21255227, 10.2),
(2017689217702, 21255227, 1.5),
(2017689219461, 21255227, 5.8),
(2018689213563, 21255227, 1.4),
(2018689218980, 21255227, 7.4),
(2021689215277, 21255227, 1.6),
(2023689214570, 21255227, 8.8),
(2024689215636, 21255227, 6.5),
(2024689218149, 21255227, 4.2),
(2015689214297, 22267153, 2.0),
(2015689217071, 22267153, 3.8),
(2017689213884, 22267153, 2.1),
(2017689216210, 22267153, 5.9),
(2017689216448, 22267153, 8.9),
(2017689217702, 22267153, 2.8),
(2017689219461, 22267153, 7.4),
(2018689213563, 22267153, 5.1),
(2018689218980, 22267153, 7.9),
(2021689215277, 22267153, 4.4),
(2023689214570, 22267153, 3.7),
(2024689215636, 22267153, 10.1),
(2024689218149, 22267153, 2.0),
(2015689214297, 23205567, 0.1),
(2015689217071, 23205567, 6.6),
(2017689213884, 23205567, 5.3),
(2017689216210, 23205567, 3.3),
(2017689216448, 23205567, 7.0),
(2017689217702, 23205567, 4.2),
(2017689219461, 23205567, 5.2),
(2018689213563, 23205567, 3.5),
(2018689218980, 23205567, 0.5),
(2021689215277, 23205567, 10.1),
(2023689214570, 23205567, 8.8),
(2024689215636, 23205567, 10.0),
(2024689218149, 23205567, 3.1),
(2015689214297, 24254143, 3.6),
(2015689217071, 24254143, 4.3),
(2017689213884, 24254143, 10.8),
(2017689216210, 24254143, 2.3),
(2017689216448, 24254143, 8.4),
(2017689217702, 24254143, 9.3),
(2017689219461, 24254143, 5.4),
(2018689213563, 24254143, 8.6),
(2018689218980, 24254143, 1.1),
(2021689215277, 24254143, 4.1),
(2023689214570, 24254143, 0.4),
(2024689215636, 24254143, 4.6),
(2024689218149, 24254143, 10.0),
(2015689214297, 21346482, 1.3),
(2015689217071, 21346482, 7.6),
(2017689213884, 21346482, 9.5),
(2017689216210, 21346482, 9.7),
(2017689216448, 21346482, 7.8),
(2017689217702, 21346482, 7.1),
(2017689219461, 21346482, 10.6),
(2018689213563, 21346482, 3.9),
(2018689218980, 21346482, 5.5),
(2021689215277, 21346482, 6.0),
(2023689214570, 21346482, 1.1),
(2024689215636, 21346482, 9.0),
(2024689218149, 21346482, 7.9),
(2015689214297, 22397822, 4.5),
(2015689217071, 22397822, 4.0),
(2017689213884, 22397822, 0.0),
(2017689216210, 22397822, 8.0),
(2017689216448, 22397822, 1.5),
(2017689217702, 22397822, 6.1),
(2017689219461, 22397822, 5.1),
(2018689213563, 22397822, 8.8),
(2018689218980, 22397822, 6.0),
(2021689215277, 22397822, 5.8),
(2023689214570, 22397822, 5.3),
(2024689215636, 22397822, 4.5),
(2024689218149, 22397822, 4.8),
(2015689214297, 23352429, 4.9),
(2015689217071, 23352429, 10.7),
(2017689213884, 23352429, 8.7),
(2017689216210, 23352429, 2.2),
(2017689216448, 23352429, 3.4),
(2017689217702, 23352429, 2.7),
(2017689219461, 23352429, 7.3),
(2018689213563, 23352429, 1.3),
(2018689218980, 23352429, 0.0),
(2021689215277, 23352429, 2.8),
(2023689214570, 23352429, 8.5),
(2024689215636, 23352429, 5.1),
(2024689218149, 23352429, 4.0),
(2015689214297, 24364190, 4.6),
(2015689217071, 24364190, 8.2),
(2017689213884, 24364190, 0.1),
(2017689216210, 24364190, 1.8),
(2017689216448, 24364190, 5.1),
(2017689217702, 24364190, 2.0),
(2017689219461, 24364190, 8.1),
(2018689213563, 24364190, 9.0),
(2018689218980, 24364190, 0.1),
(2021689215277, 24364190, 6.6),
(2023689214570, 24364190, 9.3),
(2024689215636, 24364190, 10.5),
(2024689218149, 24364190, 3.0),
(2015689214297, 21458365, 0.3),
(2015689217071, 21458365, 4.5),
(2017689213884, 21458365, 3.9),
(2017689216210, 21458365, 6.8),
(2017689216448, 21458365, 4.1),
(2017689217702, 21458365, 5.6),
(2017689219461, 21458365, 1.0),
(2018689213563, 21458365, 4.4),
(2018689218980, 21458365, 1.9),
(2021689215277, 21458365, 8.2),
(2023689214570, 21458365, 0.2),
(2024689215636, 21458365, 4.2),
(2024689218149, 21458365, 7.7),
(2015689214297, 22425083, 0.5),
(2015689217071, 22425083, 10.2),
(2017689213884, 22425083, 5.1),
(2017689216210, 22425083, 3.9),
(2017689216448, 22425083, 9.0),
(2017689217702, 22425083, 8.1),
(2017689219461, 22425083, 4.3),
(2018689213563, 22425083, 1.8),
(2018689218980, 22425083, 9.3),
(2021689215277, 22425083, 1.1),
(2023689214570, 22425083, 4.5),
(2024689215636, 22425083, 2.8),
(2024689218149, 22425083, 5.9),
(2015689214297, 23408135, 10.2),
(2015689217071, 23408135, 2.8),
(2017689213884, 23408135, 9.5),
(2017689216210, 23408135, 8.5),
(2017689216448, 23408135, 10.4),
(2017689217702, 23408135, 5.5),
(2017689219461, 23408135, 5.8),
(2018689213563, 23408135, 2.1),
(2018689218980, 23408135, 10.9),
(2021689215277, 23408135, 0.4),
(2023689214570, 23408135, 8.5),
(2024689215636, 23408135, 5.2),
(2024689218149, 23408135, 3.7),
(2015689214297, 24409139, 5.3),
(2015689217071, 24409139, 0.1),
(2017689213884, 24409139, 0.1),
(2017689216210, 24409139, 7.7),
(2017689216448, 24409139, 6.0),
(2017689217702, 24409139, 6.8),
(2017689219461, 24409139, 4.9),
(2018689213563, 24409139, 10.9),
(2018689218980, 24409139, 4.4),
(2021689215277, 24409139, 7.6),
(2023689214570, 24409139, 8.7),
(2024689215636, 24409139, 5.8),
(2024689218149, 24409139, 9.2),
(2015689214297, 21563732, 4.1),
(2015689217071, 21563732, 8.2),
(2017689213884, 21563732, 5.0),
(2017689216210, 21563732, 5.5),
(2017689216448, 21563732, 9.1),
(2017689217702, 21563732, 2.1),
(2017689219461, 21563732, 0.0),
(2018689213563, 21563732, 6.1),
(2018689218980, 21563732, 8.1),
(2021689215277, 21563732, 9.0),
(2023689214570, 21563732, 8.9),
(2024689215636, 21563732, 0.8),
(2024689218149, 21563732, 6.2),
(2015689214297, 22543908, 2.2),
(2015689217071, 22543908, 9.1),
(2017689213884, 22543908, 8.4),
(2017689216210, 22543908, 2.3),
(2017689216448, 22543908, 6.5),
(2017689217702, 22543908, 1.8),
(2017689219461, 22543908, 0.8),
(2018689213563, 22543908, 7.1),
(2018689218980, 22543908, 1.6),
(2021689215277, 22543908, 6.6),
(2023689214570, 22543908, 1.4),
(2024689215636, 22543908, 2.1),
(2024689218149, 22543908, 8.8),
(2015689214297, 23560289, 8.4),
(2015689217071, 23560289, 2.8),
(2017689213884, 23560289, 0.3),
(2017689216210, 23560289, 10.6),
(2017689216448, 23560289, 8.1),
(2017689217702, 23560289, 0.8),
(2017689219461, 23560289, 8.6),
(2018689213563, 23560289, 9.1),
(2018689218980, 23560289, 4.2),
(2021689215277, 23560289, 9.5),
(2023689214570, 23560289, 1.0),
(2024689215636, 23560289, 10.0),
(2024689218149, 23560289, 6.4),
(2015689214297, 24587303, 6.4),
(2015689217071, 24587303, 1.9),
(2017689213884, 24587303, 9.4),
(2017689216210, 24587303, 2.3),
(2017689216448, 24587303, 9.0),
(2017689217702, 24587303, 8.8),
(2017689219461, 24587303, 6.1),
(2018689213563, 24587303, 1.5),
(2018689218980, 24587303, 2.7),
(2021689215277, 24587303, 7.1),
(2023689214570, 24587303, 7.0),
(2024689215636, 24587303, 5.7),
(2024689218149, 24587303, 5.9),
(2015689217472, 11191739, 9.6),
(2015689217846, 11191739, 5.4),
(2017689217874, 11191739, 6.8),
(2017689218327, 11191739, 1.2),
(2017689219878, 11191739, 9.6),
(2018689219469, 11191739, 6.5),
(2022689213923, 11191739, 9.3),
(2022689218037, 11191739, 8.9),
(2023689212424, 11191739, 0.2),
(2023689212935, 11191739, 7.9),
(2023689218108, 11191739, 4.1),
(2024689214403, 11191739, 3.6),
(2024689215678, 11191739, 5.8),
(2025689212050, 11191739, 0.4),
(2015689217472, 12113918, 5.0),
(2015689217846, 12113918, 7.9),
(2017689217874, 12113918, 5.7),
(2017689218327, 12113918, 9.6),
(2017689219878, 12113918, 1.5),
(2018689219469, 12113918, 8.2),
(2022689213923, 12113918, 1.1),
(2022689218037, 12113918, 4.9),
(2023689212424, 12113918, 10.2),
(2023689212935, 12113918, 1.5),
(2023689218108, 12113918, 5.6),
(2024689214403, 12113918, 0.8),
(2024689215678, 12113918, 7.9),
(2025689212050, 12113918, 10.7),
(2015689217472, 13134553, 3.4),
(2015689217846, 13134553, 0.6),
(2017689217874, 13134553, 3.5),
(2017689218327, 13134553, 10.8),
(2017689219878, 13134553, 3.7),
(2018689219469, 13134553, 4.8),
(2022689213923, 13134553, 3.1),
(2022689218037, 13134553, 2.2),
(2023689212424, 13134553, 4.2),
(2023689212935, 13134553, 5.4),
(2023689218108, 13134553, 10.6),
(2024689214403, 13134553, 8.5),
(2024689215678, 13134553, 1.7),
(2025689212050, 13134553, 9.5),
(2015689217472, 14173211, 10.7),
(2015689217846, 14173211, 1.1),
(2017689217874, 14173211, 7.5),
(2017689218327, 14173211, 3.5),
(2017689219878, 14173211, 9.4),
(2018689219469, 14173211, 6.4),
(2022689213923, 14173211, 9.8),
(2022689218037, 14173211, 6.9),
(2023689212424, 14173211, 2.8),
(2023689212935, 14173211, 2.7),
(2023689218108, 14173211, 4.3),
(2024689214403, 14173211, 0.9),
(2024689215678, 14173211, 8.2),
(2025689212050, 14173211, 2.3),
(2015689217472, 11230727, 4.0),
(2015689217846, 11230727, 0.8),
(2017689217874, 11230727, 1.2),
(2017689218327, 11230727, 2.6),
(2017689219878, 11230727, 8.2),
(2018689219469, 11230727, 8.8),
(2022689213923, 11230727, 8.6),
(2022689218037, 11230727, 5.4),
(2023689212424, 11230727, 4.6),
(2023689212935, 11230727, 8.1),
(2023689218108, 11230727, 7.4),
(2024689214403, 11230727, 9.2),
(2024689215678, 11230727, 7.9),
(2025689212050, 11230727, 2.7),
(2015689217472, 12254861, 6.7),
(2015689217846, 12254861, 1.5),
(2017689217874, 12254861, 7.5),
(2017689218327, 12254861, 7.2),
(2017689219878, 12254861, 10.5),
(2018689219469, 12254861, 7.4),
(2022689213923, 12254861, 2.5),
(2022689218037, 12254861, 10.6),
(2023689212424, 12254861, 6.6),
(2023689212935, 12254861, 8.1),
(2023689218108, 12254861, 3.1),
(2024689214403, 12254861, 1.2),
(2024689215678, 12254861, 1.2),
(2025689212050, 12254861, 4.6),
(2015689217472, 13207516, 8.9),
(2015689217846, 13207516, 6.0),
(2017689217874, 13207516, 10.4),
(2017689218327, 13207516, 10.2),
(2017689219878, 13207516, 1.0),
(2018689219469, 13207516, 6.0),
(2022689213923, 13207516, 10.9),
(2022689218037, 13207516, 5.0),
(2023689212424, 13207516, 5.7),
(2023689212935, 13207516, 0.3),
(2023689218108, 13207516, 0.9),
(2024689214403, 13207516, 9.4),
(2024689215678, 13207516, 0.6),
(2025689212050, 13207516, 6.5),
(2015689217472, 14276061, 0.7),
(2015689217846, 14276061, 7.6),
(2017689217874, 14276061, 5.3),
(2017689218327, 14276061, 4.9),
(2017689219878, 14276061, 1.4),
(2018689219469, 14276061, 3.5),
(2022689213923, 14276061, 2.1),
(2022689218037, 14276061, 9.3),
(2023689212424, 14276061, 0.0),
(2023689212935, 14276061, 2.3),
(2023689218108, 14276061, 9.3),
(2024689214403, 14276061, 3.7),
(2024689215678, 14276061, 9.8),
(2025689212050, 14276061, 1.4),
(2015689217472, 11394846, 9.0),
(2015689217846, 11394846, 4.2),
(2017689217874, 11394846, 4.7),
(2017689218327, 11394846, 0.1),
(2017689219878, 11394846, 6.7),
(2018689219469, 11394846, 8.4),
(2022689213923, 11394846, 2.5),
(2022689218037, 11394846, 2.2),
(2023689212424, 11394846, 0.2),
(2023689212935, 11394846, 5.3),
(2023689218108, 11394846, 9.5),
(2024689214403, 11394846, 5.8),
(2024689215678, 11394846, 1.5),
(2025689212050, 11394846, 8.5),
(2015689217472, 12302393, 3.1),
(2015689217846, 12302393, 5.1),
(2017689217874, 12302393, 10.0),
(2017689218327, 12302393, 6.2),
(2017689219878, 12302393, 7.1),
(2018689219469, 12302393, 2.3),
(2022689213923, 12302393, 6.6),
(2022689218037, 12302393, 5.0),
(2023689212424, 12302393, 7.9),
(2023689212935, 12302393, 6.8),
(2023689218108, 12302393, 8.7),
(2024689214403, 12302393, 4.5),
(2024689215678, 12302393, 2.9),
(2025689212050, 12302393, 4.1),
(2015689217472, 13318691, 10.7),
(2015689217846, 13318691, 9.5),
(2017689217874, 13318691, 4.0),
(2017689218327, 13318691, 3.3),
(2017689219878, 13318691, 5.4),
(2018689219469, 13318691, 9.9),
(2022689213923, 13318691, 7.6),
(2022689218037, 13318691, 4.0),
(2023689212424, 13318691, 5.1),
(2023689212935, 13318691, 8.2),
(2023689218108, 13318691, 2.2),
(2024689214403, 13318691, 4.1),
(2024689215678, 13318691, 8.3),
(2025689212050, 13318691, 1.6),
(2015689217472, 14319125, 8.1),
(2015689217846, 14319125, 2.9),
(2017689217874, 14319125, 7.6),
(2017689218327, 14319125, 4.8),
(2017689219878, 14319125, 0.4),
(2018689219469, 14319125, 5.2),
(2022689213923, 14319125, 2.9),
(2022689218037, 14319125, 10.7),
(2023689212424, 14319125, 8.8),
(2023689212935, 14319125, 0.8),
(2023689218108, 14319125, 9.8),
(2024689214403, 14319125, 1.0),
(2024689215678, 14319125, 0.6),
(2025689212050, 14319125, 8.3),
(2015689217472, 11493487, 7.3),
(2015689217846, 11493487, 10.6),
(2017689217874, 11493487, 1.7),
(2017689218327, 11493487, 1.3),
(2017689219878, 11493487, 4.4),
(2018689219469, 11493487, 6.6),
(2022689213923, 11493487, 9.4),
(2022689218037, 11493487, 7.0),
(2023689212424, 11493487, 8.7),
(2023689212935, 11493487, 4.8),
(2023689218108, 11493487, 4.6),
(2024689214403, 11493487, 10.8),
(2024689215678, 11493487, 6.5),
(2025689212050, 11493487, 3.1),
(2015689217472, 12467511, 6.1),
(2015689217846, 12467511, 4.8),
(2017689217874, 12467511, 2.8),
(2017689218327, 12467511, 3.9),
(2017689219878, 12467511, 10.2),
(2018689219469, 12467511, 5.4),
(2022689213923, 12467511, 1.8),
(2022689218037, 12467511, 4.9),
(2023689212424, 12467511, 0.4),
(2023689212935, 12467511, 10.4),
(2023689218108, 12467511, 4.4),
(2024689214403, 12467511, 6.8),
(2024689215678, 12467511, 8.9),
(2025689212050, 12467511, 4.5),
(2015689217472, 13447882, 10.2),
(2015689217846, 13447882, 9.6),
(2017689217874, 13447882, 2.4),
(2017689218327, 13447882, 2.4),
(2017689219878, 13447882, 2.2),
(2018689219469, 13447882, 3.1),
(2022689213923, 13447882, 1.9),
(2022689218037, 13447882, 8.2),
(2023689212424, 13447882, 9.2),
(2023689212935, 13447882, 4.7),
(2023689218108, 13447882, 5.7),
(2024689214403, 13447882, 10.5),
(2024689215678, 13447882, 5.5),
(2025689212050, 13447882, 2.0),
(2015689217472, 14414958, 5.6),
(2015689217846, 14414958, 2.3),
(2017689217874, 14414958, 1.3),
(2017689218327, 14414958, 4.5),
(2017689219878, 14414958, 8.4),
(2018689219469, 14414958, 6.0),
(2022689213923, 14414958, 0.7),
(2022689218037, 14414958, 5.7),
(2023689212424, 14414958, 0.6),
(2023689212935, 14414958, 4.3),
(2023689218108, 14414958, 1.3),
(2024689214403, 14414958, 6.7),
(2024689215678, 14414958, 3.0),
(2025689212050, 14414958, 6.0),
(2015689217472, 11536778, 3.2),
(2015689217846, 11536778, 0.5),
(2017689217874, 11536778, 3.2),
(2017689218327, 11536778, 6.7),
(2017689219878, 11536778, 3.1),
(2018689219469, 11536778, 6.3),
(2022689213923, 11536778, 8.3),
(2022689218037, 11536778, 7.4),
(2023689212424, 11536778, 6.6),
(2023689212935, 11536778, 0.4),
(2023689218108, 11536778, 6.8),
(2024689214403, 11536778, 9.7),
(2024689215678, 11536778, 1.7),
(2025689212050, 11536778, 2.6),
(2015689217472, 12533597, 5.9),
(2015689217846, 12533597, 3.4),
(2017689217874, 12533597, 4.0),
(2017689218327, 12533597, 6.7),
(2017689219878, 12533597, 5.0),
(2018689219469, 12533597, 9.9),
(2022689213923, 12533597, 8.6),
(2022689218037, 12533597, 8.3),
(2023689212424, 12533597, 7.1),
(2023689212935, 12533597, 8.7),
(2023689218108, 12533597, 9.1),
(2024689214403, 12533597, 1.4),
(2024689215678, 12533597, 1.8),
(2025689212050, 12533597, 8.0),
(2015689217472, 13598168, 2.9),
(2015689217846, 13598168, 4.1),
(2017689217874, 13598168, 2.5),
(2017689218327, 13598168, 7.6),
(2017689219878, 13598168, 1.7),
(2018689219469, 13598168, 3.9),
(2022689213923, 13598168, 7.1),
(2022689218037, 13598168, 10.0),
(2023689212424, 13598168, 3.9),
(2023689212935, 13598168, 1.1),
(2023689218108, 13598168, 8.0),
(2024689214403, 13598168, 4.9),
(2024689215678, 13598168, 9.4),
(2025689212050, 13598168, 1.1),
(2015689217472, 14514291, 3.4),
(2015689217846, 14514291, 7.4),
(2017689217874, 14514291, 5.3),
(2017689218327, 14514291, 5.4),
(2017689219878, 14514291, 10.8),
(2018689219469, 14514291, 9.8),
(2022689213923, 14514291, 5.9),
(2022689218037, 14514291, 2.3),
(2023689212424, 14514291, 7.0),
(2023689212935, 14514291, 3.2),
(2023689218108, 14514291, 0.6),
(2024689214403, 14514291, 9.4),
(2024689215678, 14514291, 4.2),
(2025689212050, 14514291, 7.7),
(2015689217472, 21167041, 7.3),
(2015689217846, 21167041, 7.5),
(2017689217874, 21167041, 4.4),
(2017689218327, 21167041, 9.3),
(2017689219878, 21167041, 6.8),
(2018689219469, 21167041, 7.7),
(2022689213923, 21167041, 2.5),
(2022689218037, 21167041, 4.5),
(2023689212424, 21167041, 1.3),
(2023689212935, 21167041, 3.8),
(2023689218108, 21167041, 3.9),
(2024689214403, 21167041, 1.5),
(2024689215678, 21167041, 9.1),
(2025689212050, 21167041, 7.8),
(2015689217472, 22188220, 8.2),
(2015689217846, 22188220, 3.3),
(2017689217874, 22188220, 0.8),
(2017689218327, 22188220, 3.2),
(2017689219878, 22188220, 8.3),
(2018689219469, 22188220, 0.5),
(2022689213923, 22188220, 0.8),
(2022689218037, 22188220, 3.4),
(2023689212424, 22188220, 3.6),
(2023689212935, 22188220, 7.6),
(2023689218108, 22188220, 1.5),
(2024689214403, 22188220, 8.0),
(2024689215678, 22188220, 6.3),
(2025689212050, 22188220, 9.2),
(2015689217472, 23199541, 10.0),
(2015689217846, 23199541, 9.2),
(2017689217874, 23199541, 6.3),
(2017689218327, 23199541, 0.3),
(2017689219878, 23199541, 9.5),
(2018689219469, 23199541, 9.2),
(2022689213923, 23199541, 10.4),
(2022689218037, 23199541, 0.6),
(2023689212424, 23199541, 6.9),
(2023689212935, 23199541, 0.7),
(2023689218108, 23199541, 5.6),
(2024689214403, 23199541, 1.9),
(2024689215678, 23199541, 7.6),
(2025689212050, 23199541, 6.1),
(2015689217472, 24162605, 0.2),
(2015689217846, 24162605, 9.9),
(2017689217874, 24162605, 9.8),
(2017689218327, 24162605, 3.9),
(2017689219878, 24162605, 4.2),
(2018689219469, 24162605, 8.8),
(2022689213923, 24162605, 6.6),
(2022689218037, 24162605, 3.6),
(2023689212424, 24162605, 3.9),
(2023689212935, 24162605, 8.4),
(2023689218108, 24162605, 2.6),
(2024689214403, 24162605, 5.3),
(2024689215678, 24162605, 8.7),
(2025689212050, 24162605, 0.1),
(2015689217472, 21296476, 3.7),
(2015689217846, 21296476, 10.7),
(2017689217874, 21296476, 6.2),
(2017689218327, 21296476, 4.0),
(2017689219878, 21296476, 3.1),
(2018689219469, 21296476, 9.9),
(2022689213923, 21296476, 5.3),
(2022689218037, 21296476, 9.8),
(2023689212424, 21296476, 2.3),
(2023689212935, 21296476, 6.8),
(2023689218108, 21296476, 3.2),
(2024689214403, 21296476, 6.2),
(2024689215678, 21296476, 2.1),
(2025689212050, 21296476, 2.4),
(2015689217472, 22210796, 8.1),
(2015689217846, 22210796, 1.6),
(2017689217874, 22210796, 6.4),
(2017689218327, 22210796, 0.2),
(2017689219878, 22210796, 2.6),
(2018689219469, 22210796, 5.0),
(2022689213923, 22210796, 9.5),
(2022689218037, 22210796, 10.2),
(2023689212424, 22210796, 1.7),
(2023689212935, 22210796, 8.6),
(2023689218108, 22210796, 4.4),
(2024689214403, 22210796, 4.2),
(2024689215678, 22210796, 4.3),
(2025689212050, 22210796, 1.5),
(2015689217472, 23276478, 3.3),
(2015689217846, 23276478, 2.1),
(2017689217874, 23276478, 0.9),
(2017689218327, 23276478, 0.5),
(2017689219878, 23276478, 7.0),
(2018689219469, 23276478, 0.4),
(2022689213923, 23276478, 7.5),
(2022689218037, 23276478, 0.4),
(2023689212424, 23276478, 3.6),
(2023689212935, 23276478, 6.7),
(2023689218108, 23276478, 0.9),
(2024689214403, 23276478, 9.4),
(2024689215678, 23276478, 5.3),
(2025689212050, 23276478, 2.6),
(2015689217472, 24241465, 3.0),
(2015689217846, 24241465, 10.1),
(2017689217874, 24241465, 0.0),
(2017689218327, 24241465, 1.8),
(2017689219878, 24241465, 7.1),
(2018689219469, 24241465, 2.5),
(2022689213923, 24241465, 0.5),
(2022689218037, 24241465, 3.7),
(2023689212424, 24241465, 7.6),
(2023689212935, 24241465, 1.7),
(2023689218108, 24241465, 8.8),
(2024689214403, 24241465, 8.8),
(2024689215678, 24241465, 9.8),
(2025689212050, 24241465, 5.2),
(2015689217472, 21322447, 8.0),
(2015689217846, 21322447, 7.7),
(2017689217874, 21322447, 9.5),
(2017689218327, 21322447, 5.4),
(2017689219878, 21322447, 4.5),
(2018689219469, 21322447, 0.4),
(2022689213923, 21322447, 7.6),
(2022689218037, 21322447, 5.7),
(2023689212424, 21322447, 5.1),
(2023689212935, 21322447, 6.5),
(2023689218108, 21322447, 0.6),
(2024689214403, 21322447, 2.9),
(2024689215678, 21322447, 5.8),
(2025689212050, 21322447, 6.1),
(2015689217472, 22328216, 6.5),
(2015689217846, 22328216, 1.5),
(2017689217874, 22328216, 8.4),
(2017689218327, 22328216, 10.2),
(2017689219878, 22328216, 1.5),
(2018689219469, 22328216, 5.3),
(2022689213923, 22328216, 1.8),
(2022689218037, 22328216, 7.4),
(2023689212424, 22328216, 7.6),
(2023689212935, 22328216, 0.8),
(2023689218108, 22328216, 1.8),
(2024689214403, 22328216, 5.4),
(2024689215678, 22328216, 3.1),
(2025689212050, 22328216, 1.1),
(2015689217472, 23341760, 10.1),
(2015689217846, 23341760, 2.6),
(2017689217874, 23341760, 2.4),
(2017689218327, 23341760, 9.4),
(2017689219878, 23341760, 4.3),
(2018689219469, 23341760, 5.0),
(2022689213923, 23341760, 10.9),
(2022689218037, 23341760, 4.7),
(2023689212424, 23341760, 8.0),
(2023689212935, 23341760, 5.6),
(2023689218108, 23341760, 9.8),
(2024689214403, 23341760, 2.0),
(2024689215678, 23341760, 3.2),
(2025689212050, 23341760, 1.6),
(2015689217472, 24360751, 7.7),
(2015689217846, 24360751, 7.0),
(2017689217874, 24360751, 7.3),
(2017689218327, 24360751, 0.6),
(2017689219878, 24360751, 2.2),
(2018689219469, 24360751, 6.3),
(2022689213923, 24360751, 8.7),
(2022689218037, 24360751, 4.1),
(2023689212424, 24360751, 2.5),
(2023689212935, 24360751, 3.3),
(2023689218108, 24360751, 3.9),
(2024689214403, 24360751, 9.7),
(2024689215678, 24360751, 7.6),
(2025689212050, 24360751, 4.1),
(2015689217472, 21481336, 0.5),
(2015689217846, 21481336, 5.2),
(2017689217874, 21481336, 8.3),
(2017689218327, 21481336, 6.8),
(2017689219878, 21481336, 4.1),
(2018689219469, 21481336, 10.6),
(2022689213923, 21481336, 4.8),
(2022689218037, 21481336, 3.9),
(2023689212424, 21481336, 2.5),
(2023689212935, 21481336, 8.6),
(2023689218108, 21481336, 9.7),
(2024689214403, 21481336, 7.4),
(2024689215678, 21481336, 5.0),
(2025689212050, 21481336, 6.6),
(2015689217472, 22477859, 10.7),
(2015689217846, 22477859, 3.0),
(2017689217874, 22477859, 3.8),
(2017689218327, 22477859, 3.2),
(2017689219878, 22477859, 9.0),
(2018689219469, 22477859, 4.7),
(2022689213923, 22477859, 9.4),
(2022689218037, 22477859, 0.2),
(2023689212424, 22477859, 0.3),
(2023689212935, 22477859, 1.7),
(2023689218108, 22477859, 9.2),
(2024689214403, 22477859, 1.0),
(2024689215678, 22477859, 5.3),
(2025689212050, 22477859, 10.7),
(2015689217472, 23497905, 7.2),
(2015689217846, 23497905, 5.9),
(2017689217874, 23497905, 10.7),
(2017689218327, 23497905, 9.7),
(2017689219878, 23497905, 3.6),
(2018689219469, 23497905, 10.0),
(2022689213923, 23497905, 10.8),
(2022689218037, 23497905, 6.1),
(2023689212424, 23497905, 9.6),
(2023689212935, 23497905, 4.2),
(2023689218108, 23497905, 6.4),
(2024689214403, 23497905, 7.1),
(2024689215678, 23497905, 6.4),
(2025689212050, 23497905, 5.1),
(2015689217472, 24469170, 10.3),
(2015689217846, 24469170, 10.0),
(2017689217874, 24469170, 4.1),
(2017689218327, 24469170, 4.8),
(2017689219878, 24469170, 8.1),
(2018689219469, 24469170, 1.1),
(2022689213923, 24469170, 7.0),
(2022689218037, 24469170, 1.9),
(2023689212424, 24469170, 2.5),
(2023689212935, 24469170, 6.4),
(2023689218108, 24469170, 9.6),
(2024689214403, 24469170, 1.4),
(2024689215678, 24469170, 6.6),
(2025689212050, 24469170, 3.6),
(2015689217472, 21568442, 2.8),
(2015689217846, 21568442, 0.9),
(2017689217874, 21568442, 2.4),
(2017689218327, 21568442, 9.7),
(2017689219878, 21568442, 1.8),
(2018689219469, 21568442, 5.5),
(2022689213923, 21568442, 0.9),
(2022689218037, 21568442, 1.9),
(2023689212424, 21568442, 2.4),
(2023689212935, 21568442, 6.9),
(2023689218108, 21568442, 2.4),
(2024689214403, 21568442, 7.7),
(2024689215678, 21568442, 9.5),
(2025689212050, 21568442, 10.9),
(2015689217472, 22538546, 9.0),
(2015689217846, 22538546, 1.2),
(2017689217874, 22538546, 5.3),
(2017689218327, 22538546, 4.8),
(2017689219878, 22538546, 7.7),
(2018689219469, 22538546, 9.0),
(2022689213923, 22538546, 6.9),
(2022689218037, 22538546, 9.3),
(2023689212424, 22538546, 8.8),
(2023689212935, 22538546, 9.9),
(2023689218108, 22538546, 0.5),
(2024689214403, 22538546, 5.3),
(2024689215678, 22538546, 6.5),
(2025689212050, 22538546, 6.6),
(2015689217472, 23517806, 5.0),
(2015689217846, 23517806, 2.4),
(2017689217874, 23517806, 7.0),
(2017689218327, 23517806, 9.0),
(2017689219878, 23517806, 1.6),
(2018689219469, 23517806, 8.8),
(2022689213923, 23517806, 5.5),
(2022689218037, 23517806, 1.0),
(2023689212424, 23517806, 0.4),
(2023689212935, 23517806, 3.8),
(2023689218108, 23517806, 7.3),
(2024689214403, 23517806, 4.9),
(2024689215678, 23517806, 7.2),
(2025689212050, 23517806, 5.0),
(2015689217472, 24542325, 7.6),
(2015689217846, 24542325, 3.5),
(2017689217874, 24542325, 3.3),
(2017689218327, 24542325, 7.8),
(2017689219878, 24542325, 9.2),
(2018689219469, 24542325, 9.5),
(2022689213923, 24542325, 0.8),
(2022689218037, 24542325, 7.0),
(2023689212424, 24542325, 10.2),
(2023689212935, 24542325, 8.8),
(2023689218108, 24542325, 9.8),
(2024689214403, 24542325, 8.8),
(2024689215678, 24542325, 8.5),
(2025689212050, 24542325, 2.7),
(2015689217472, 31157204, 4.7),
(2015689217846, 31157204, 10.5),
(2017689217874, 31157204, 10.9),
(2017689218327, 31157204, 4.1),
(2017689219878, 31157204, 9.6),
(2018689219469, 31157204, 1.4),
(2022689213923, 31157204, 5.7),
(2022689218037, 31157204, 1.1),
(2023689212424, 31157204, 7.9),
(2023689212935, 31157204, 2.7),
(2023689218108, 31157204, 8.8),
(2024689214403, 31157204, 6.6),
(2024689215678, 31157204, 2.5),
(2025689212050, 31157204, 7.5),
(2015689217472, 32133643, 7.5),
(2015689217846, 32133643, 7.2),
(2017689217874, 32133643, 3.0),
(2017689218327, 32133643, 6.8),
(2017689219878, 32133643, 9.3),
(2018689219469, 32133643, 9.3),
(2022689213923, 32133643, 9.8),
(2022689218037, 32133643, 9.6),
(2023689212424, 32133643, 1.5),
(2023689212935, 32133643, 1.3),
(2023689218108, 32133643, 7.4),
(2024689214403, 32133643, 8.7),
(2024689215678, 32133643, 5.5),
(2025689212050, 32133643, 1.2),
(2015689217472, 33172355, 3.2),
(2015689217846, 33172355, 7.9),
(2017689217874, 33172355, 9.5),
(2017689218327, 33172355, 9.1),
(2017689219878, 33172355, 6.6),
(2018689219469, 33172355, 3.3),
(2022689213923, 33172355, 9.5),
(2022689218037, 33172355, 4.9),
(2023689212424, 33172355, 2.9),
(2023689212935, 33172355, 4.5),
(2023689218108, 33172355, 0.8),
(2024689214403, 33172355, 5.6),
(2024689215678, 33172355, 0.5),
(2025689212050, 33172355, 8.4),
(2015689217472, 34198134, 4.5),
(2015689217846, 34198134, 1.9),
(2017689217874, 34198134, 4.4),
(2017689218327, 34198134, 4.0),
(2017689219878, 34198134, 0.3),
(2018689219469, 34198134, 0.1),
(2022689213923, 34198134, 0.5),
(2022689218037, 34198134, 7.5),
(2023689212424, 34198134, 7.9),
(2023689212935, 34198134, 0.3),
(2023689218108, 34198134, 4.3),
(2024689214403, 34198134, 10.0),
(2024689215678, 34198134, 6.5),
(2025689212050, 34198134, 6.8),
(2015689217472, 31260591, 4.9),
(2015689217846, 31260591, 6.8),
(2017689217874, 31260591, 7.7),
(2017689218327, 31260591, 4.7),
(2017689219878, 31260591, 5.3),
(2018689219469, 31260591, 4.9),
(2022689213923, 31260591, 10.2),
(2022689218037, 31260591, 9.3),
(2023689212424, 31260591, 2.4),
(2023689212935, 31260591, 0.2),
(2023689218108, 31260591, 6.0),
(2024689214403, 31260591, 10.6),
(2024689215678, 31260591, 6.9),
(2025689212050, 31260591, 8.4),
(2015689217472, 32277636, 7.8),
(2015689217846, 32277636, 9.2),
(2017689217874, 32277636, 6.6),
(2017689218327, 32277636, 9.4),
(2017689219878, 32277636, 2.9),
(2018689219469, 32277636, 6.3),
(2022689213923, 32277636, 6.0),
(2022689218037, 32277636, 8.9),
(2023689212424, 32277636, 8.2),
(2023689212935, 32277636, 9.6),
(2023689218108, 32277636, 8.4),
(2024689214403, 32277636, 8.1),
(2024689215678, 32277636, 2.6),
(2025689212050, 32277636, 3.2),
(2015689217472, 33273088, 10.8),
(2015689217846, 33273088, 5.4),
(2017689217874, 33273088, 6.3),
(2017689218327, 33273088, 3.8),
(2017689219878, 33273088, 6.0),
(2018689219469, 33273088, 10.8),
(2022689213923, 33273088, 1.2),
(2022689218037, 33273088, 7.5),
(2023689212424, 33273088, 8.4),
(2023689212935, 33273088, 6.9),
(2023689218108, 33273088, 2.3),
(2024689214403, 33273088, 7.1),
(2024689215678, 33273088, 4.9),
(2025689212050, 33273088, 2.9),
(2015689217472, 34280254, 7.0),
(2015689217846, 34280254, 4.2),
(2017689217874, 34280254, 1.1),
(2017689218327, 34280254, 10.5),
(2017689219878, 34280254, 4.7),
(2018689219469, 34280254, 4.0),
(2022689213923, 34280254, 6.2),
(2022689218037, 34280254, 4.6),
(2023689212424, 34280254, 5.9),
(2023689212935, 34280254, 4.2),
(2023689218108, 34280254, 3.3),
(2024689214403, 34280254, 3.2),
(2024689215678, 34280254, 2.9),
(2025689212050, 34280254, 4.4),
(2015689217472, 31365384, 4.2),
(2015689217846, 31365384, 9.1),
(2017689217874, 31365384, 5.2),
(2017689218327, 31365384, 1.5),
(2017689219878, 31365384, 1.5),
(2018689219469, 31365384, 4.2),
(2022689213923, 31365384, 3.6),
(2022689218037, 31365384, 10.3),
(2023689212424, 31365384, 0.5),
(2023689212935, 31365384, 7.3),
(2023689218108, 31365384, 5.7),
(2024689214403, 31365384, 9.6),
(2024689215678, 31365384, 8.4),
(2025689212050, 31365384, 2.1),
(2015689217472, 32372426, 3.6),
(2015689217846, 32372426, 6.4),
(2017689217874, 32372426, 6.2),
(2017689218327, 32372426, 6.9),
(2017689219878, 32372426, 2.1),
(2018689219469, 32372426, 9.8),
(2022689213923, 32372426, 2.3),
(2022689218037, 32372426, 9.0),
(2023689212424, 32372426, 7.7),
(2023689212935, 32372426, 6.9),
(2023689218108, 32372426, 0.3),
(2024689214403, 32372426, 10.2),
(2024689215678, 32372426, 9.9),
(2025689212050, 32372426, 9.8),
(2015689217472, 33343612, 3.3),
(2015689217846, 33343612, 10.4),
(2017689217874, 33343612, 2.4),
(2017689218327, 33343612, 0.9),
(2017689219878, 33343612, 2.5),
(2018689219469, 33343612, 9.0),
(2022689213923, 33343612, 9.5),
(2022689218037, 33343612, 10.6),
(2023689212424, 33343612, 6.2),
(2023689212935, 33343612, 8.7),
(2023689218108, 33343612, 5.1),
(2024689214403, 33343612, 7.3),
(2024689215678, 33343612, 4.3),
(2025689212050, 33343612, 5.7),
(2015689217472, 34370036, 0.3),
(2015689217846, 34370036, 8.9),
(2017689217874, 34370036, 9.3),
(2017689218327, 34370036, 10.5),
(2017689219878, 34370036, 6.5),
(2018689219469, 34370036, 6.6),
(2022689213923, 34370036, 3.1),
(2022689218037, 34370036, 8.9),
(2023689212424, 34370036, 0.4),
(2023689212935, 34370036, 6.1),
(2023689218108, 34370036, 1.3),
(2024689214403, 34370036, 10.9),
(2024689215678, 34370036, 4.2),
(2025689212050, 34370036, 3.1),
(2015689217472, 31465140, 2.6),
(2015689217846, 31465140, 10.0),
(2017689217874, 31465140, 8.0),
(2017689218327, 31465140, 6.6),
(2017689219878, 31465140, 0.3),
(2018689219469, 31465140, 7.0),
(2022689213923, 31465140, 2.5),
(2022689218037, 31465140, 8.2),
(2023689212424, 31465140, 7.6),
(2023689212935, 31465140, 7.3),
(2023689218108, 31465140, 3.6),
(2024689214403, 31465140, 4.0),
(2024689215678, 31465140, 2.7),
(2025689212050, 31465140, 4.8),
(2015689217472, 32488028, 6.7),
(2015689217846, 32488028, 4.3),
(2017689217874, 32488028, 5.4),
(2017689218327, 32488028, 8.7),
(2017689219878, 32488028, 10.0),
(2018689219469, 32488028, 7.7),
(2022689213923, 32488028, 6.9),
(2022689218037, 32488028, 7.6),
(2023689212424, 32488028, 4.9),
(2023689212935, 32488028, 10.6),
(2023689218108, 32488028, 1.8),
(2024689214403, 32488028, 6.7),
(2024689215678, 32488028, 8.2),
(2025689212050, 32488028, 2.5),
(2015689217472, 33493566, 2.5),
(2015689217846, 33493566, 6.7),
(2017689217874, 33493566, 1.8),
(2017689218327, 33493566, 9.0),
(2017689219878, 33493566, 10.6),
(2018689219469, 33493566, 5.9),
(2022689213923, 33493566, 6.8),
(2022689218037, 33493566, 6.4),
(2023689212424, 33493566, 9.6),
(2023689212935, 33493566, 9.6),
(2023689218108, 33493566, 2.6),
(2024689214403, 33493566, 9.2),
(2024689215678, 33493566, 4.7),
(2025689212050, 33493566, 0.9),
(2015689217472, 34475732, 7.0),
(2015689217846, 34475732, 4.5),
(2017689217874, 34475732, 3.9),
(2017689218327, 34475732, 9.4),
(2017689219878, 34475732, 5.6),
(2018689219469, 34475732, 5.8),
(2022689213923, 34475732, 0.3),
(2022689218037, 34475732, 9.3),
(2023689212424, 34475732, 3.3),
(2023689212935, 34475732, 0.0),
(2023689218108, 34475732, 10.7),
(2024689214403, 34475732, 3.8),
(2024689215678, 34475732, 7.6),
(2025689212050, 34475732, 2.6),
(2015689217472, 31596811, 6.9),
(2015689217846, 31596811, 2.9),
(2017689217874, 31596811, 5.6),
(2017689218327, 31596811, 6.6),
(2017689219878, 31596811, 8.3),
(2018689219469, 31596811, 2.2),
(2022689213923, 31596811, 0.2),
(2022689218037, 31596811, 0.6),
(2023689212424, 31596811, 1.5),
(2023689212935, 31596811, 3.3),
(2023689218108, 31596811, 6.1),
(2024689214403, 31596811, 1.4),
(2024689215678, 31596811, 6.2),
(2025689212050, 31596811, 1.8),
(2015689217472, 32564469, 3.7),
(2015689217846, 32564469, 7.6),
(2017689217874, 32564469, 5.4),
(2017689218327, 32564469, 0.0),
(2017689219878, 32564469, 1.0),
(2018689219469, 32564469, 2.9),
(2022689213923, 32564469, 1.0),
(2022689218037, 32564469, 3.2),
(2023689212424, 32564469, 2.7),
(2023689212935, 32564469, 1.2),
(2023689218108, 32564469, 3.9),
(2024689214403, 32564469, 8.8),
(2024689215678, 32564469, 7.3),
(2025689212050, 32564469, 0.2),
(2015689217472, 33569123, 0.8),
(2015689217846, 33569123, 4.0),
(2017689217874, 33569123, 0.0),
(2017689218327, 33569123, 1.9),
(2017689219878, 33569123, 2.7),
(2018689219469, 33569123, 9.7),
(2022689213923, 33569123, 4.7),
(2022689218037, 33569123, 10.8),
(2023689212424, 33569123, 0.4),
(2023689212935, 33569123, 4.6),
(2023689218108, 33569123, 5.9),
(2024689214403, 33569123, 1.4),
(2024689215678, 33569123, 6.3),
(2025689212050, 33569123, 7.1),
(2015689217472, 34527919, 6.5),
(2015689217846, 34527919, 3.4),
(2017689217874, 34527919, 6.5),
(2017689218327, 34527919, 9.0),
(2017689219878, 34527919, 1.1),
(2018689219469, 34527919, 5.5),
(2022689213923, 34527919, 10.2),
(2022689218037, 34527919, 5.1),
(2023689212424, 34527919, 4.3),
(2023689212935, 34527919, 0.9),
(2023689218108, 34527919, 4.5),
(2024689214403, 34527919, 8.1),
(2024689215678, 34527919, 10.1),
(2025689212050, 34527919, 4.3);
